App,Args,Ranks,dane,mammoth,matrix-cpu,matrix-gpu,tioga-cpu,tioga-gpu,tuolumne-cpu,tuolumne-gpu
amg,-problem1-p442-n12812864,32,1.0085233107414253,1.0727048675292667,1.1237420414869583,,1.2832203737933867,,2.3113575682891763,
amg,-problem1-p442-n16168,32,0.92249047013977115,0.81257941550190604,0.93710292249047,,0.92058449809402787,,0.71982210927573054,
amg,-problem1-p442-n323216,32,1.0088647412067486,0.88733199885616243,0.96196740062911057,,1.3803259937088934,,0.92164712610809252,
amg,-problem1-p442-n646432,32,1.0238264076017587,1.0419798610126225,1.0770103531413984,,1.3986668557651398,,1.7340802723018012,
amg,-problem1-p442-n884,32,0.89520317751298506,0.8096547509929729,0.91109074243813026,,1.1481820959364499,,0.7390772991139628,
amg,-problem2-p111-n128128128,1,1.4855842185128982,1.314112291350531,1.3823975720789075,,1.526555386949924,,1.5106221547799696,
amg,-problem2-p111-n161616,1,0.97164566345441072,0.74555226093402527,1.2101556708673091,,1.1875463306152707,,1.3118977020014826,
amg,-problem2-p111-n256256256,1,1.3345454545454547,1.2836363636363635,1.4036363636363638,,1.4809090909090907,,1.2990909090909091,
amg,-problem2-p111-n323232,1,1.4660220252484553,1.1034112275047006,1.5842062852538275,,1.3862476497448293,,1.664249261348375,
amg,-problem2-p111-n646464,1,1.4322235434007136,1.2514863258026159,1.340665873959572,,1.4928656361474435,,1.5380499405469679,
amg,-problem2-p111-n888,1,0.72120271033314509,0.53980801806888767,0.97416713721061554,,1.0191981931112366,,1.0344438170525128,
amg,-problem2-p442-n12812864,32,1.006159498595202,1.1293494704992435,1.112275772638859,,1.3354225199913552,,3.1385346877026148,
amg,-problem2-p442-n16168,32,0.99825060135578403,0.8211239886289089,1.0830964356002626,,0.96960419855674618,,0.77935709599825065,
amg,-problem2-p442-n323216,32,1.1574791636204125,1.0915338499780671,1.3013598479309842,,2.4054686357654629,,1.9790905103085246,
amg,-problem2-p442-n646432,32,1.0294977749523204,1.1407501589319771,1.1354100445009536,,1.3551176096630644,,2.8494596312778131,
amg,-problem2-p442-n884,32,0.93818514007308151,0.79202192448233855,0.97959805115712539,,1.1644336175395857,,0.72350791717417784,
laghos,-p1-dim2-rs2-tf3,1,1.8546498536365683,1.0403062373339338,0.96712452150416572,0.28799819860391807,0.61337536590857911,0.15368160324251295,0.70029272686331911,
laghos,-p1-dim2-rs2-tf3-pa,1,1.8612111661413777,1.0538045925258892,0.95666366501575872,0.29029716343989198,0.6162764520486268,0.15488518685276903,0.7397568662764521,
laghos,-p1-dim2-rs2-tf3.1,1,1.8851843422849339,1.0465407373691398,0.99169321802457899,0.29221665908056438,0.60867091488393266,0.15487027765134273,0.74874829312699132,
laghos,-p1-dim2-rs2-tf3.1-pa,1,1.8161180476730989,1.0532349602724176,0.9802497162315551,0.29625425652667425,0.62417707150964818,0.15425652667423381,0.73927355278093076,
laghos,-p1-dim2-rs2-tf3.2,1,1.8492304357251246,1.0423802297853892,0.99002818122696723,0.28744851506611752,0.62887491870799916,0.15412963364404941,0.75005419466724466,
laghos,-p1-dim2-rs2-tf3.2-pa,1,1.8588751829395778,1.0286431110181895,0.97668827095964872,0.28893999581852392,0.62941668408948359,0.15461007735730714,0.76928705833159106,
laghos,-p1-dim2-rs2-tf3.3,1,1.8569493056339619,1.0535169922095518,0.99209664672010833,0.29185954612171161,0.64130066613977632,0.1569380151292763,0.79135147341086143,
laghos,-p1-dim2-rs2-tf3.3-pa,1,1.845428234537464,1.049737378068389,1.006002787008254,0.29145674777575303,0.64004716475506485,0.15521492121342054,0.78668667595669417,
laghos,-p1-dim2-rs2-tf3.4,1,1.8709531866892275,1.0384658770445572,1.0125211505922165,0.29069373942470389,0.64816694867456293,0.15566835871404403,0.80597856739988727,
laghos,-p1-dim2-rs2-tf3.4-pa,1,1.840802015996494,1.047222526569519,0.99024871261093472,0.29757861290676019,0.64752930864468061,0.15404842774186481,0.74811000328695076,
laghos,-p1-dim2-rs2-tf3.5,1,1.8617345212585992,1.0303372053682192,0.99560166911018377,0.29141761587910231,0.65016352768692909,0.15540769144017141,0.80771399571444669,
laghos,-p1-dim2-rs2-tf3.5-pa,1,1.8843020097772949,1.0621401412275937,1.0095600217273222,0.29397066811515482,0.66181423139598039,0.15741444866920151,0.79923954372623573,
laghos,-p1-dim2-rs2-tf3.6,1,1.8620300327424635,1.0480975499604832,1.0184035226374619,0.29129502088743364,0.66139776448007226,0.1561476798012871,0.79010951789544981,
laghos,-p1-dim2-rs2-tf3.6-pa,1,1.8858707802369776,1.046277665995976,0.98558014755197865,0.29331544824502576,0.6703554661301141,0.1581712497205455,0.78359043147775542,
laghos,-p1-dim2-rs2-tf3.7,1,1.8643611048731195,1.0474960700651246,1.0161688749157871,0.29115203233774983,0.66326072310801709,0.15562542106445093,0.79912418594206158,
laghos,-p1-dim2-rs2-tf3.7-pa,1,1.8749585406301825,1.0334991708126036,0.99027086788280827,0.29121061359867334,0.6697622996130459,0.15588723051409617,0.80331674958540633,
laghos,-p1-dim2-rs2-tf3.8,1,1.8596812405772132,1.0479216024122335,1.0163687271160888,0.29226793021753172,0.67671763945724739,0.158625888434202,0.82920525522291622,
laghos,-p1-dim2-rs2-tf3.8-pa,1,1.8624487151803066,1.0634852083783199,1.0136039732239257,0.29442884906067801,0.68700064780824877,0.15730943640682357,0.85219175124163249,
laghos,-p1-dim2-rs2-tf3.9,1,1.8273242751685033,1.0328447630255697,1.037124210976784,0.29859848079597734,0.67679469348454058,0.1565208088156628,0.84069755001604796,
laghos,-p1-dim2-rs2-tf3.9-pa,1,1.8317221223021583,1.0466501798561152,0.99898830935251814,0.29867356115107913,0.67839478417266197,0.15625000000000003,0.82048111510791366,
laghos,-p1-dim2-rs2-tf4,1,1.8429910764712527,1.0598667118490908,1.035129334688806,0.29470236078165596,0.69321134078843338,0.15734779170902521,0.84163560375014124,
laghos,-p1-dim2-rs2-tf4-pa,1,1.8343991921911815,1.0400538539212387,1.0411758106137103,0.30046000224391339,0.68529114776169642,0.15684954560753955,0.83316503982946266,
laghos,-p1-dim2-rs2-tf4.1,1,1.8657454218627121,1.0459498932704192,1.044039995506123,0.29974160206718342,0.6920570722390742,0.1575103920907763,0.81732389619143919,
laghos,-p1-dim2-rs2-tf4.1-pa,1,1.8540558149636224,1.0519057443804973,1.0497339559126941,0.29384297969377782,0.69030296449125861,0.15875773699641654,0.85611901400803558,
laghos,-p1-dim2-rs2-tf4.2,1,1.8807092357760071,1.0502749410840533,1.053866008304343,0.29345752440803502,0.70418583772864995,0.15789473684210525,0.85815284479856357,
laghos,-p1-dim2-rs2-tf4.2-pa,1,1.8970442808482584,1.0517525546643227,1.0509834084166576,0.2982089880232941,0.71102076694868699,0.16250961432809582,0.83979782441489947,
laghos,-p1-dim2-rs2-tf4.3,1,1.8637952418536474,1.0580674258653737,1.071146690720487,0.29484722065621827,0.71507498026835037,0.15931897620926824,0.85003946329913183,
laghos,-p1-dim2-rs2-tf4.3-pa,1,1.8861715316127579,1.0455313873548968,1.0759607798940607,0.29640482362222476,0.71847176828581083,0.15924715428829034,0.87839513129719371,
laghos,-p1-dim2-rs2-tf4.4,1,1.8723451822043373,1.0463894477978986,1.0713167896266489,0.29230941202772193,0.72222222222222232,0.1581712497205455,0.88363514419852451,
laghos,-p1-dim2-rs2-tf4.4-pa,1,1.8843218491059746,1.0381596162232882,1.0716310510248583,0.29699084169210638,0.72416048844308767,0.15994330571303969,0.84114696903619712,
laghos,-p1-dim2-rs2-tf4.5,1,1.8779501011463249,1.0558552483704202,1.0550685547314003,0.29568442346594737,0.73376039559451567,0.16071027197122947,0.88244549336929645,
laghos,-p1-dim2-rs2-tf4.5-pa,1,1.9001024007281828,1.0645124587552621,1.0902264193878712,0.30788485607008759,0.7304585277050859,0.16042780748663099,0.9172829673455456,
laghos,-p1-dim2-rs2-tf4.6,1,1.9137294394091975,1.0540449815374286,1.0753049121629181,0.30133154302338588,0.75271343851404271,0.16179926149714668,0.90488978404386256,
laghos,-p1-dim2-rs2-tf4.6-pa,1,1.8756720430107527,1.0549955197132617,1.0875896057347669,0.29480286738351252,0.73958333333333326,0.1605062724014337,0.88463261648745506,
laghos,-p1-dim2-rs2-tf4.7,1,1.8927421086536396,1.0548636461241143,1.0800944814258107,0.29793858707322313,0.75381146660940512,0.16136998067425379,0.90036504187245003,
laghos,-p1-dim2-rs2-tf4.7-pa,1,1.8806671890742193,1.034814731892981,1.0738833538564871,0.30370536214037835,0.74510242919511915,0.16008060002238889,0.89846636068510022,
laghos,-p1-dim2-rs2-tf4.8,1,1.8720632446275471,1.0493263556396837,1.0754927068255205,0.29373121033292504,0.74935975949226152,0.15933637679545709,0.90312882752477452,
laghos,-p1-dim2-rs2-tf4.8-pa,1,1.8859550561797753,1.0524719101123594,1.0741573033707865,0.3041573033707865,0.75056179775280907,0.16067415730337076,0.93033707865168536,
laghos,-p1-dim2-rs2-tf4.9,1,1.9038041101880194,1.0676650634018365,1.110515959772628,0.30126803672933977,0.76694359422824665,0.16243987756886752,0.93003935286401407,
laghos,-p1-dim2-rs2-tf4.9-pa,1,1.8693673695893451,1.0396226415094338,1.0769145394006661,0.29711431742508321,0.75560488346281907,0.15960044395116538,0.86748057713651494,
laghos,-p1-dim2-rs2-tf5,1,1.8906267581861143,1.057837290424215,1.103409474513334,0.30437718015078202,0.76336221447057495,0.16383481489816587,0.91301901654101492,
laghos,-p1-dim2-rs2-tf5-pa,1,1.8875335720680395,1.0464413607878247,1.1124664279319607,0.29733661593554161,0.76521933751119064,0.16282452999104743,0.92815577439570285,
laghos,-p1-dim2-rs2-tf5.5,1,1.8687903764758296,1.0513477389173533,1.1195143684562263,0.2970594787257741,0.77155268433949653,0.1613945199376253,0.93539763867231007,
laghos,-p1-dim2-rs2-tf5.5-pa,1,1.9058174862158208,1.0611004838528186,1.0919320355575559,0.2997636997862046,0.79014290536739062,0.1621469562281985,0.93136041408799364,
laghos,-p1-dim2-rs3-tf3,1,1.9805561152528712,1.0727382631472899,1.3144267580092686,0.81976627040096706,0.97763449526496071,0.48650010074551681,1.2341325811001411,0.25569212170058436
laghos,-p1-dim2-rs3-tf3-pa,1,1.9627430910951893,1.0611054247697032,1.3129989764585466,0.8133060388945752,0.97625383828045031,0.48935516888433983,1.2465711361310132,0.25220061412487205
laghos,-p1-dim2-rs3-tf3.1,1,1.963841922998574,1.0603992666530861,1.3240985944184152,0.81442248930535743,0.97759217763291906,0.48125891220207778,1.2211244652678754,0.25310653900998165
laghos,-p1-dim2-rs3-tf3.1-pa,1,1.961511120138113,1.0720016248603637,1.3266984868487863,0.83030364578044069,0.97979079922819134,0.48684878643241597,1.2420026403980908,0.25916522798821973
laghos,-p1-dim2-rs3-tf3.2,1,1.9572078907435508,1.0551340414769852,1.3142134547293878,0.83034901365705605,0.9762266059686393,0.48700050581689425,1.2400606980273141,0.25543753161355587
laghos,-p1-dim2-rs3-tf3.2-pa,1,1.9562935298273947,1.0601594831937013,1.3126072474008277,0.81750277581508013,0.97981225396184513,0.48319370142323609,1.2204501867366508,0.26193600484505908
laghos,-p1-dim2-rs3-tf3.3,1,1.9588740267518465,1.0665801557197045,1.3141345577959673,0.81872629267318831,0.98123377919744459,0.48662407666200835,1.2311838690357357,0.25004991016170891
laghos,-p1-dim2-rs3-tf3.3-pa,1,1.9724200180523517,1.0598736335372581,1.3176211011934611,0.82719887674255344,0.97492728913850168,0.48360244709658012,1.257948049343095,0.26155851970715072
laghos,-p1-dim2-rs3-tf3.4,1,1.9686604242308428,1.0753869673227594,1.33068985285687,0.81855532199503156,0.98958532390598131,0.48996751385438569,1.2448882094400917,0.27297917064781196
laghos,-p1-dim2-rs3-tf3.4-pa,1,1.9626932668329178,1.0726184538653367,1.3113216957605986,0.84877805486284297,0.99261845386533665,0.49057356608478808,1.2428927680798005,0.26024937655860353
laghos,-p1-dim2-rs3-tf3.5,1,1.9668442865600946,1.051805802249852,1.3234655614762185,0.83629366489046775,0.99190842707716598,0.48954016183145843,1.249062561673574,0.25251628182356423
laghos,-p1-dim2-rs3-tf3.5-pa,1,1.9625161997806797,1.0644003588874489,1.3234971588076958,0.81726647393081442,0.98684079354002585,0.48669125710298072,1.2407536636427074,0.25072275944571826
laghos,-p1-dim2-rs3-tf3.6,1,1.9620699794178182,1.0692933450945801,1.3318631774968146,0.84220327354699598,0.99186513770459672,0.48975791433891991,1.2434578065274919,0.25737528177986868
laghos,-p1-dim2-rs3-tf3.6-pa,1,1.9709447951107104,1.0649233543733092,1.3264201983769162,0.845606652640016,0.99679390842600946,0.4872257288848813,1.2568880873659953,0.25438332832381527
laghos,-p1-dim2-rs3-tf3.7,1,1.9609960996099611,1.0446044604460445,1.3172317231723172,0.81808180818081799,0.9893989398939893,0.48734873487348734,1.2536253625362537,0.24692469246924692
laghos,-p1-dim2-rs3-tf3.7-pa,1,1.9727760348142902,1.0699321930978645,1.325068312923793,0.84708025503491546,0.9952433964173667,0.49357352494686774,1.2635360793441959,0.26282764902337818
laghos,-p1-dim2-rs3-tf3.8,1,1.9711296650236396,1.0510009053415148,1.3251181973644501,0.83170707172316671,0.99698219495020624,0.48848204405995371,1.2707977064681624,0.25751936424906952
laghos,-p1-dim2-rs3-tf3.8-pa,1,1.9732761143080073,1.0666146493709157,1.3320003901297179,0.82200331610260402,0.99882961084560606,0.48610162879157315,1.2642153516044083,0.2581683409733736
laghos,-p1-dim2-rs3-tf3.9,1,1.9673978667739989,1.0742604145703363,1.3211913865969007,0.82099013886093775,1.0015093580197223,0.49003823706983296,1.2633326625075467,0.26886697524652847
laghos,-p1-dim2-rs3-tf3.9-pa,1,1.9704207055061458,1.0627560707504746,1.3200759468372141,0.84970520635555113,0.99040671529929059,0.49265514140101929,1.2554212051563907,0.25911861696812233
laghos,-p1-dim2-rs3-tf4,1,1.9638952963594423,1.060174506067596,1.3245411693912346,0.83472069000100291,1.0003008725303379,0.48360244709658012,1.2712867315214122,0.25694514090863502
laghos,-p1-dim2-rs3-tf4-pa,1,1.9759887005649717,1.0729418886198547,1.3243543179983859,0.84685230024213076,1.005044390637611,0.49243341404358354,1.2659402744148507,0.26422518159806296
laghos,-p1-dim2-rs3-tf4.1,1,1.9692567903691174,1.0574072231618743,1.3351905283056411,0.83961794846283944,1.0048751368023081,0.49059795045269122,1.2634563725002486,0.25649189135409406
laghos,-p1-dim2-rs3-tf4.1-pa,1,1.962962962962963,1.0565816476106713,1.3108570311736536,0.84569529952115696,0.98983680250171002,0.48343594253884487,1.2736245480308803,0.26717482654158109
laghos,-p1-dim2-rs3-tf4.2,1,1.9671539961013644,1.0665692007797272,1.3361598440545808,0.84853801169590648,1.0117933723196881,0.48947368421052628,1.2844054580896687,0.26042884990253412
laghos,-p1-dim2-rs3-tf4.2-pa,1,1.9724845161945377,1.059193826784445,1.330998070870139,0.84120215250279218,1.0104579145090873,0.49121738247537822,1.2899786780383795,0.26347852573865366
laghos,-p1-dim2-rs3-tf4.3,1,1.9690225563909773,1.0749874686716792,1.3363408521303257,0.84842105263157896,1.0188471177944862,0.50015037593984957,1.3013533834586466,0.26075187969924812
laghos,-p1-dim2-rs3-tf4.3-pa,1,1.9786891837555287,1.0743868114193806,1.3558504221954162,0.82328106151990343,1.0224165661439484,0.49929634097305986,1.2983514274225976,0.26306795335745875
laghos,-p1-dim2-rs3-tf4.4,1,1.9833571574433324,1.0655503369409842,1.3435777006330407,0.85297120686134364,1.0260363487849702,0.50071472329997957,1.3089646722483153,0.27006330406371248
laghos,-p1-dim2-rs3-tf4.4-pa,1,1.9837071306446747,1.0699989942673238,1.3588454188876598,0.83113748365684403,1.0289651010761338,0.5026651915920749,1.304636427637534,0.265513426531228
laghos,-p1-dim2-rs3-tf4.5,1,1.9884099227328182,1.0742171614477429,1.348515656771045,0.82919886132574216,1.0299918666124439,0.50955673037820248,1.315778771858479,0.26514843432289548
laghos,-p1-dim2-rs3-tf4.5-pa,1,1.9696523276370066,1.045767039874288,1.346199175014732,0.82547633077980753,1.0074641524258496,0.49165193478687885,1.3049499116087213,0.25928108426635238
laghos,-p1-dim2-rs3-tf4.6,1,1.9850761421319798,1.0698477157360406,1.3669035532994924,0.8289340101522843,1.0375634517766499,0.50517766497461924,1.3245685279187818,0.26771573604060911
laghos,-p1-dim2-rs3-tf4.6-pa,1,1.9780605089160488,1.068423161691044,1.3432177920256463,0.85373672610699258,1.0280504908835906,0.50320577038669601,1.3135644159487077,0.26437587657784012
laghos,-p1-dim2-rs3-tf4.7,1,1.975437549721559,1.0592680986475735,1.3574980111376291,0.83243834526650751,1.0299323786793955,0.50407716785998413,1.3150357995226729,0.26521479713603818
laghos,-p1-dim2-rs3-tf4.7-pa,1,1.9748522192165114,1.07744714958421,1.3466586514377319,0.85051598036268916,1.0118224626790904,0.50005009518084365,1.304378318805731,0.26139665364191966
laghos,-p1-dim2-rs3-tf4.8,1,1.9750772604924731,1.0650981955936596,1.3607815771109559,0.82394576811883158,1.0287109959126706,0.5055328481706709,1.3185126109061907,0.26707207656265575
laghos,-p1-dim2-rs3-tf4.8-pa,1,1.9747933051018349,1.0607985480943738,1.3566243194192376,0.82748538011695905,1.0341802782819116,0.50625126033474488,1.3176043557168784,0.25448679169187338
laghos,-p1-dim2-rs3-tf4.9,1,1.9785635580486829,1.0562957026945807,1.3605128718821999,0.82770710207352505,1.0352599419012323,0.49914855253931689,1.3249524191124913,0.26224581789041368
laghos,-p1-dim2-rs3-tf4.9-pa,1,1.9807842372220057,1.0746195864221615,1.3510534529847835,0.85856418259851741,1.039016777214202,0.50516972298088181,1.3225712056184162,0.25731564572766291
laghos,-p1-dim2-rs3-tf5,1,1.983015286242382,1.0582475771805375,1.3515835747826956,0.85363173144170257,1.0405634928564294,0.50464581876311321,1.3275052452792488,0.25487061644519932
laghos,-p1-dim2-rs3-tf5-pa,1,1.9736228061276251,1.0718271279293903,1.3546718068377801,0.83017145176017049,1.0245510804504414,0.50167393730343912,1.3355990666531399,0.26549660140002029
laghos,-p1-dim2-rs3-tf5.5,1,1.9805569620253163,1.077873417721519,1.3635443037974684,0.83665822784810129,1.0452658227848102,0.51331645569620254,1.3512911392405063,0.26886075949367089
laghos,-p1-dim2-rs3-tf5.5-pa,1,1.968823993685872,1.0502170481452249,1.3682912391475928,0.84846093133385947,1.0447908445146012,0.50621546961325969,1.3365232833464877,0.26756116811365427
laghos,-p1-dim3-rs1-tf3,1,1.6369189653526772,1.0817027775126467,1.2333683306289969,1.0796029397728357,0.86217428653240424,0.56867423880881929,1.0634723680442875,0.3091533836021762
laghos,-p1-dim3-rs1-tf3-pa,1,1.6365199121382867,1.0851876611593927,1.2415242097220898,1.0849966574348202,0.85798873078025029,0.56632604335784553,1.0426893324419828,0.3422786744341515
laghos,-p1-dim3-rs1-tf3.5,1,1.6327309985096867,1.0817809239940386,1.2583830104321907,1.1060916542473918,0.8966095380029806,0.57991803278688525,1.0757265275707897,0.33848733233979134
laghos,-p1-dim3-rs1-tf3.5-pa,1,1.6368545712932259,1.0794883941260065,1.261392704879204,1.0955945049739459,0.89180483183325432,0.57603031738512545,1.0790146849834201,0.32856466129796302
laghos,-p1-dim3-rs1-tf4,1,1.6384769922510285,1.0851430211422559,1.2729359992346696,1.10925093274658,0.92231895149717791,0.59418348799387743,1.1362288338276094,0.32057782454797668
laghos,-p1-dim3-rs1-tf4-pa,1,1.632708242477104,1.078587003924989,1.2806803314435236,1.1370257304840821,0.92254688181421718,0.5975577845617096,1.1322285215874399,0.33554295682511992
laghos,-p1-dim3-rs1-tf4.5,1,1.6457286432160803,1.0879396984924623,1.2896891866741111,1.106644332774986,0.9373720454122465,0.59352317141261868,1.1539177368323097,0.32989019169923689
laghos,-p1-dim3-rs1-tf4.5-pa,1,1.6427169952349807,1.0882930019620667,1.2913201906007663,1.1120246659815005,0.93188825562926281,0.59581425768476126,1.1507054096982154,0.3382229281509857
laghos,-p1-dim3-rs1-tf5,1,1.6508392840582398,1.0712232217379207,1.3026986923861634,1.1205601409626262,0.94815913938607066,0.60140962626356298,1.1761105443754056,0.34192710748400262
laghos,-p1-dim3-rs1-tf5-pa,1,1.6512238582012566,1.087780174434962,1.2997280315108317,1.1151645878270655,0.94570008440401387,0.60067523211103813,1.1722779705523774,0.32298602644659097
laghos,-p1-dim3-rs1-tf5.5,1,1.6480642115203024,1.0900849858356942,1.3022662889518415,1.1237960339943343,0.96081208687440989,0.60311614730878194,1.181964117091596,0.33881019830028331
laghos,-p1-dim3-rs1-tf5.5-pa,1,1.6498485422188565,1.0797046573267701,1.3080272624006057,1.1262779250283983,0.95579326012873911,0.60668307459295723,1.18099204846649,0.32620219613782658
laghos,-p1-dim3-rs2-tf3,1,1.6425730589659344,1.0538647760677848,1.3820681307279958,6.8416911637558355,0.98530174649835711,3.9993947777969909,1.2212519453570811,2.3256960055334601
laghos,-p1-dim3-rs2-tf3-pa,1,1.6378746124698587,1.0520151567344127,1.3803823630726835,6.8764209438511879,0.97821219428177741,4.0397003100241129,1.2224423010678609,2.2177058215638996
laghos,-p1-dim3-rs2-tf3.5,1,1.648698075415832,1.0441522250283026,1.3881389880693198,6.8442915614386477,0.98772097883828269,4.0873465122354782,1.2283375424540626,2.2766698597927371
laghos,-p1-dim3-rs2-tf3.5-pa,1,1.646086576300831,1.0570179274158287,1.3849584608657632,6.8644512461740277,0.98207258417140364,4.0916484477481418,1.2267599475295148,2.2707477044162658
laghos,-p1-dim3-rs2-tf4,1,1.6535076476117236,1.0568230368281637,1.3908399555669486,6.8790908314107497,0.99034435614799632,4.0715201230453735,1.2301119371101428,2.2587370759634284
laghos,-p1-dim3-rs2-tf4-pa,1,1.6472376650451703,1.0436935371785963,1.3870743571924948,6.8359103544127873,0.98801250868658785,4.0056462821403755,1.2255038220986796,2.2926511466296038
laghos,-p1-dim3-rs2-tf4.5,1,1.6500261369576581,1.057849799616658,1.3898762850670849,6.8720160306673641,0.99093918801184877,4.0393796828715809,1.2240808503223559,2.2968287158041472
laghos,-p1-dim3-rs2-tf4.5-pa,1,1.652716402391474,1.0564075903301275,1.3894809808508795,7.0338792132397554,0.9902954683303008,4.1105623429512175,1.2278831990295469,2.3004938913439044
laghos,-p1-dim3-rs2-tf5,1,1.6535828784334115,1.0445368685555845,1.3912139329347544,7.0401178407417042,0.99246165843514433,4.1260722641018974,1.2168789532969415,2.2025820986049736
laghos,-p1-dim3-rs2-tf5-pa,1,1.6468033356497567,1.0581132731063239,1.3899409312022237,6.852067407922168,0.98584086170952057,4.1110145934676856,1.2303683113273107,2.2507817929117442
laghos,-p1-dim3-rs2-tf5.5,1,1.6488959268056655,1.0548957508577461,1.389636667546406,6.8469253101082073,0.99190639570687067,4.1054807776898032,1.2277645816838214,2.3164423330694115
laghos,-p1-dim3-rs2-tf5.5-pa,1,1.648465664292623,1.0436120636595445,1.3888156159324716,6.9061813066033588,0.990503824848325,4.0878396201529936,1.2352061900993583,2.3212872592983382
laghos,-p2-dim2-rs2-tf3,1,1.8458154748477329,1.0418452515226708,0.96571170764719139,0.29709000676742614,0.61515903451387322,0.15441010602300922,0.75896683961200095,
laghos,-p2-dim2-rs2-tf3-pa,1,1.8565759637188208,1.047392290249433,0.97131519274376421,0.28809523809523807,0.6115646258503401,0.1546485260770975,0.70907029478458039,
laghos,-p2-dim2-rs2-tf3.5,1,1.8364364581078154,1.040701450530418,1.0101753626326044,0.29746698419571338,0.65555315003247461,0.15490365880060619,0.77224507469149173,
laghos,-p2-dim2-rs2-tf3.5-pa,1,1.8425383228133454,1.0438458070333634,1.0138638412984671,0.29035166816952207,0.65802524797114514,0.15610910730387739,0.81165464382326413,
laghos,-p2-dim2-rs2-tf4,1,1.8612872031804018,1.0494251638551628,1.0278285161706242,0.30149349951649301,0.67895132695820359,0.15869775437842484,0.83045019877511561,
laghos,-p2-dim2-rs2-tf4-pa,1,1.8444100409156252,1.0395886320911203,1.0223377197832577,0.289505695012717,0.6724538316930222,0.15658520402521287,0.7775074643370562,
laghos,-p2-dim2-rs2-tf4.5,1,1.8288457294195541,1.034650187596557,1.040167733392187,0.30026484219819027,0.69454866475391741,0.15647759876406975,0.82200397263297287,
laghos,-p2-dim2-rs2-tf4.5-pa,1,1.8583783783783783,1.0340049140049139,1.0576904176904176,0.29248157248157242,0.70643734643734635,0.15813267813267812,0.83528255528255524,
laghos,-p2-dim2-rs2-tf5,1,1.8631901840490799,1.0425357873210634,1.0865030674846625,0.29396728016359919,0.73916155419222906,0.15971370143149285,0.91339468302658489,
laghos,-p2-dim2-rs2-tf5-pa,1,1.8825910931174088,1.0607287449392713,1.0919928025191183,0.29970760233918131,0.74426450742240224,0.16261808367071526,0.90800719748088166,
laghos,-p2-dim2-rs2-tf5.5,1,1.8624930128563444,1.0499720514253774,1.1019564002235887,0.3054220234768027,0.76109558412520961,0.16221352711011741,0.9191727221911683,
laghos,-p2-dim2-rs2-tf5.5-pa,1,1.8709818499890665,1.0578394926743933,1.0976383118303084,0.29717909468620163,0.76831401705663682,0.16094467526787667,0.8966761425759896,
laghos,-p2-dim3-rs1-tf3,1,1.5982366589327148,1.0645939675174014,1.22877030162413,1.2031554524361949,0.82487238979118338,0.62682134570765669,0.99294663573085862,0.35805104408352667
laghos,-p2-dim3-rs1-tf3-pa,1,1.5905144244234899,1.0654467369993466,1.2204275977966577,1.2017552049295117,0.81953132293903475,0.62440481747735976,0.99953319017832143,0.35085426197367198
laghos,-p2-dim3-rs1-tf3.5,1,1.5852125693160812,1.0637707948243993,1.2257855822550832,1.2419593345656192,0.84205175600739368,0.64001848428835484,1.0104436229205174,0.3516635859519408
laghos,-p2-dim3-rs1-tf3.5-pa,1,1.5908420858669614,1.0575824580799704,1.2293163810576748,1.2161415146489776,0.841901603095633,0.63368343467845956,1.0146489773355445,0.36198636447392674
laghos,-p2-dim3-rs1-tf4,1,1.5914172376487561,1.0520194734944104,1.2429679047962496,1.217273710782546,0.85295708618824384,0.64578074287774978,1.028759466282005,0.36530833032816445
laghos,-p2-dim3-rs1-tf4-pa,1,1.5969020501138953,1.0690660592255126,1.2381776765375856,1.2539407744874718,0.85366742596810941,0.64209567198177686,1.0343507972665149,0.35599088838268794
laghos,-p2-dim3-rs1-tf4.5,1,1.5893897302625686,1.0621919526839323,1.2481405143830093,1.224751321803029,0.85805179675598187,0.64898288377094726,1.0344116856349137,0.35908235504973568
laghos,-p2-dim3-rs1-tf4.5-pa,1,1.5926563916591114,1.0586582048957389,1.244061650045331,1.2476881233000907,0.86119673617407067,0.65086128739800542,1.0526745240253854,0.36600181323662739
laghos,-p2-dim3-rs1-tf5,1,1.597900165776386,1.0649290845459569,1.2585190642843986,1.2688340394179405,0.87898323816540791,0.65242217719653706,1.0581138331184379,0.34895929268741938
laghos,-p2-dim3-rs1-tf5-pa,1,1.5861295532029427,1.0652251928943119,1.252915844249058,1.2357796518930557,0.87735510497039293,0.66337699623183199,1.047281535977032,0.35232370357078768
laghos,-p2-dim3-rs1-tf5.5,1,1.5858819181373001,1.0604268687055345,1.2687794511688071,1.2779266377159753,0.89078813637623577,0.65767347315901314,1.0747482213803936,0.36477871200221745
laghos,-p2-dim3-rs1-tf5.5-pa,1,1.5907176858293666,1.0613328451116806,1.2650128158183813,1.2391065543756865,0.88694617356279748,0.65735994141340159,1.0735994141340168,0.35161113145367995
laghos,-p2-dim3-rs2-tf3,1,1.5959595959595962,1.0341551104262969,1.3687724704673858,7.3547337784625917,0.95933915425440863,4.2839411059750052,1.1818181818181819,2.4912686183872625
laghos,-p2-dim3-rs2-tf3-pa,1,1.5941186527611559,1.0378697213198838,1.3693793810907848,7.4313557873140708,0.95597538040690722,4.3474098136433579,1.1795178663019319,2.3233886134381949
laghos,-p3-dim2-rs1-tf3,1,1.0339912280701753,0.70219298245614026,,,,,,
laghos,-p3-dim2-rs1-tf3-pa,1,1.0371819960861057,0.69471624266144816,,,,,,
laghos,-p3-dim2-rs1-tf3.5,1,1.074468085106383,0.70678191489361708,,,,,,
laghos,-p3-dim2-rs1-tf3.5-pa,1,1.0583835445667982,0.72117182630376064,,,,,,
laghos,-p3-dim2-rs1-tf4,1,1.1166666666666667,0.72784810126582278,,,,,,
laghos,-p3-dim2-rs1-tf4-pa,1,1.1143402630462453,0.72464997878659321,,,,,,
laghos,-p3-dim2-rs1-tf4.5,1,1.1274567036388403,0.73555166374781078,,,,,,
laghos,-p3-dim2-rs1-tf4.5-pa,1,1.1117490260405987,0.73446791060077921,,,,,,
laghos,-p3-dim2-rs1-tf5,1,1.1726618705035972,0.74912377790075635,,,,,,
laghos,-p3-dim2-rs1-tf5-pa,1,1.1609746738296238,0.75901765157329237,,,,,,
laghos,-p3-dim2-rs1-tf5.5,1,1.1882727613338326,0.74690895466466833,0.19314349943799172,,,,,
laghos,-p3-dim2-rs1-tf5.5-pa,1,1.202172256097561,0.77400914634146334,0.1915015243902439,,,,,
laghos,-p3-dim2-rs2-tf3,1,1.491208519068846,0.88137691926696382,0.34683011391778112,0.20146111936602279,0.15428429915799902,,0.16295195641406637,
laghos,-p3-dim2-rs2-tf3-pa,1,1.5008596746462108,0.89260679804258702,0.3486311334479566,0.20023806374818146,0.15553498214521888,,0.16307366750429839,
laghos,-p3-dim2-rs2-tf3.5,1,1.5378378378378379,0.919047619047619,0.3939510939510939,0.20553410553410553,0.16975546975546973,,0.20965250965250964,
laghos,-p3-dim2-rs2-tf3.5-pa,1,1.5358427543679343,0.92073484069886946,0.38180883864337106,0.20683453237410074,0.17381808838643373,,0.18794964028776981,
laghos,-p3-dim2-rs2-tf4,1,1.5769866497139224,0.93820724729815641,0.42237762237762239,0.21843610934520027,0.1919898283534647,,0.22326764144945965,
laghos,-p3-dim2-rs2-tf4-pa,1,1.581652074609821,0.93338408831366582,0.41073467834031213,0.21418601700291842,0.1922344880091359,,0.21799264052785181,
laghos,-p3-dim2-rs2-tf4.5,1,1.6049056603773584,0.94628930817610057,0.44918238993710685,0.21937106918238994,0.20842767295597481,,0.22,
laghos,-p3-dim2-rs2-tf4.5-pa,1,1.5890685721449167,0.93832267769838296,0.44590698257490291,0.21875391751284945,0.20408674940453805,,0.22326689231540681,
laghos,-p3-dim2-rs2-tf5,1,1.6256321697298632,0.95571728136178624,0.48143579622548416,0.22412729739731097,0.22400394720611819,,0.25188109041569012,
laghos,-p3-dim2-rs2-tf5-pa,1,1.6218673218673221,0.95479115479115484,0.4751842751842752,0.22874692874692876,0.22444717444717446,,0.2546683046683047,
laghos,-p3-dim2-rs2-tf5.5,1,1.6452095808383236,0.96315062183325661,0.50092123445416858,0.22904191616766467,0.24113311837862739,,0.25829111008751726,
laghos,-p3-dim2-rs2-tf5.5-pa,1,1.6465750061379818,0.96869629265897372,0.50085931745642032,0.23447090596611836,0.24134544561748097,,0.27854161551681805,
laghos,-p3-dim3-rs1-tf3,1,1.5371078037007242,1.0267497988736927,0.72284794851166534,0.63475462590506837,0.35518905872888179,0.28751005631536602,0.44026548672566373,0.20434432823813356
laghos,-p3-dim3-rs1-tf3-pa,1,1.561389337641357,1.0279684975767367,0.72435379644588049,0.65256462035541196,0.36621567043618747,0.28180533117932149,0.43517770597738287,0.19981825525040389
laghos,-p3-dim3-rs1-tf3.5,1,1.5871374988564635,1.037690970633977,0.7678163022596286,0.68054157899551737,0.40124416796267498,0.30784008782362093,0.45979324855914377,0.22605434086542858
laghos,-p3-dim3-rs1-tf3.5-pa,1,1.5892678034102308,1.0338014042126378,0.76519558676028088,0.6791374122367102,0.40260782347041124,0.3049147442326981,0.44192577733199601,0.22447342026078235
laghos,-p3-dim3-rs1-tf4,1,1.5828343313373254,1.0370259481037922,0.81097804391217565,0.71207584830339321,0.43333333333333329,0.31786427145708585,0.50339321357285427,0.22175648702594811
laghos,-p3-dim3-rs1-tf4-pa,1,1.592810197171878,1.0426209918342959,0.81029675363473408,0.71798446524596693,0.42840071698864773,0.32563234415455089,0.49273053176658038,0.22555267874925314
laghos,-p3-dim3-rs1-tf4.5,1,1.5856007944389277,1.0400198609731877,0.8421052631578948,0.73465739821251252,0.4630585898709037,0.33644488579940418,0.51618669314796439,0.23177755710029793
laghos,-p3-dim3-rs1-tf4.5-pa,1,1.5781126090404443,1.0534298176050754,0.84863203806502785,0.74623314829500409,0.46104282315622525,0.34417129262490093,0.51744647105471853,0.23215701823949247
laghos,-p3-dim3-rs1-tf5,1,1.5925996566851039,1.0466336067137134,0.87640663742132374,0.75538813656303649,0.48874690062941062,0.35666603089834065,0.54138851802403198,0.25014304787335495
laghos,-p3-dim3-rs1-tf5-pa,1,1.5927977839335181,1.0574792243767313,0.88454689354966376,0.76602690937870999,0.48753462603878123,0.35971507716660073,0.55945785516422641,0.23664424218440841
laghos,-p3-dim3-rs1-tf5.5,1,1.5998921057363784,1.0590721093328537,0.90981837798957022,0.77800755259845344,0.51249775220284111,0.3708865311994245,0.59692501348678295,0.24402085955763347
laghos,-p3-dim3-rs1-tf5.5-pa,1,1.6029182343764339,1.0640543268789575,0.91428833623933203,0.77553455079379652,0.51436175094062586,0.36386161328806099,0.58603285307882902,0.25061943654216762
laghos,-p3-dim3-rs2-tf3,1,1.6727478064460082,1.0374424463556597,1.3103987490226738,4.9437928937538009,0.88845452176179296,2.5725827469377118,1.0898271218834159,1.6891668838502301
laghos,-p3-dim3-rs2-tf3-pa,1,1.6719220549158547,1.0404782993799824,1.3112488928255093,4.9072630646589905,0.88396811337466785,2.5594331266607617,1.0973427812223204,1.6328609388839681
laghos,-p3-dim3-rs2-tf3.5,1,1.6756876271336341,1.0445741576014858,1.3239586097107987,5.1703369594056774,0.89961970460776519,2.6679932785000444,1.1178915715928186,1.7193773768462013
laghos,-p3-dim3-rs2-tf3.5-pa,1,1.6744288612507721,1.0381053188674254,1.3248654846961279,5.1967010673017553,0.90023815824292142,2.6798976801623002,1.102319837699568,1.705389432830555
laghos,-p3-dim3-rs2-tf4,1,1.675934803451582,1.0460210930009588,1.3348731805107645,5.2199947703303406,0.9096138760568292,2.7802667131526193,1.1192364682297569,1.7540312036956331
laghos,-p3-dim3-rs2-tf4-pa,1,1.6773463346682917,1.0474490684311335,1.3325787915723488,5.1762145220268154,0.90962911370363908,2.7889604736200591,1.121626327703291,1.7351558418944801
laghos,-p3-dim3-rs2-tf4.5,1,1.6770085470085472,1.0395726495726496,1.3400854700854703,5.4559829059829061,0.92042735042735047,2.8800000000000003,1.1388888888888891,1.7827350427350428
laghos,-p3-dim3-rs2-tf4.5-pa,1,1.681846099850838,1.0490479950864262,1.3395630429060279,5.4152847240501893,0.91971571466175317,2.8855839255944549,1.1424936386768449,1.7580064929367378
laghos,-p3-dim3-rs2-tf5,1,1.6774672489082969,1.0482969432314411,1.3451528384279476,5.4248034934497822,0.92951965065502185,2.9282096069868992,1.1458515283842796,1.7898689956331877
laghos,-p3-dim3-rs2-tf5-pa,1,1.6829485693912114,1.043141099919779,1.3446831268383992,5.3865763437026475,0.92690970674748208,2.9376949817274269,1.1455566449772707,1.7397272484178627
laghos,-p3-dim3-rs2-tf5.5,1,1.6747187581756344,1.0430801430190981,1.3452515915235022,5.4889683439434895,0.93110665387634084,3.004360338362257,1.1512165344030696,1.8034359466294585
laghos,-p3-dim3-rs2-tf5.5-pa,1,1.6748924211820497,1.0411873188723983,1.3490822868183014,5.4758935628348118,0.92939316764731705,3.0022833055238429,1.1461315535259506,1.8430666549574075
minife.x,-nx100-ny100-nz100,1,1.4571635573265711,,1.3606230755297952,,1.3184205759826118,,1.3292881724325303,
minife.x,-nx100-ny100-nz50,1,1.3877515912609666,,1.2754171684156199,,1.3442284534663684,,1.3440564252537415,
minife.x,-nx100-ny50-nz50,1,1.1912052697169309,,1.3581983265088127,,1.3120883033647854,,1.2364251379740074,
minife.x,-nx100-ny75-nz50,1,1.3384902143522832,,1.3250698974836905,,1.3097856477166823,,1.2255358807082946,
minife.x,-nx100-ny75-nz75,1,1.54289071680376,,1.4267528397963181,,1.3820994907951427,,1.3666274970622794,
minife.x,-nx125-ny100-nz100,1,1.4508670520231215,,1.3604325936975574,,1.3132575051277271,,1.3205295543539064,
minife.x,-nx125-ny100-nz50,1,1.3287916816063106,,1.3607027608461815,,1.2846898529939048,,1.3261025457153104,
minife.x,-nx125-ny125-nz125,1,1.49963436928702,,1.3636197440585007,,1.289579524680073,,1.4032906764168187,
minife.x,-nx125-ny125-nz50,1,1.4454756380510438,,1.3662323755131178,,1.3208995181152954,,1.3685525611279672,
minife.x,-nx125-ny50-nz50,1,1.4272463768115944,,1.3887922705314011,,1.3617391304347828,,1.3099516908212561,
minife.x,-nx125-ny75-nz50,1,1.4750525712100935,,1.4068055821066718,,1.3494551710953928,,1.4326132670617471,
minife.x,-nx125-ny75-nz75,1,1.3729420186113099,,1.3822476735862563,,1.3398353614889049,,1.402827487473157,
minife.x,-nx150-ny100-nz100,1,1.4752296883444422,,1.3581336696090793,,1.2992253647991352,,1.2046478112051882,
minife.x,-nx150-ny100-nz50,1,1.4461336336336335,,1.3701201201201199,,1.3337087087087085,,1.3049924924924925,
minife.x,-nx150-ny125-nz125,1,1.5006344027551206,,1.3855356171832518,,1.2896501721950338,,1.3268080478520936,
minife.x,-nx150-ny125-nz50,1,1.4778645833333335,,1.3599330357142858,,1.3078497023809523,,1.3740699404761907,
minife.x,-nx150-ny150-nz150,1,1.5361326365110832,,1.4123265453234817,,1.3137502252658138,,1.6071364209767527,
minife.x,-nx150-ny150-nz50,1,1.462336732868134,,1.382894972266953,,1.291823224190374,,1.3725174449812132,
minife.x,-nx150-ny50-nz50,1,1.2906365583025112,,1.3862176367529684,,1.3385244306015183,,1.2886898968269418,
minife.x,-nx150-ny75-nz50,1,1.4206563706563706,,1.3752895752895753,,1.3291505791505791,,1.341119691119691,
minife.x,-nx150-ny75-nz75,1,1.4596608906279114,,1.3601639649711199,,1.3051984348798213,,1.3381777529346004,
minife.x,-nx175-ny100-nz100,1,1.4820249449743215,,1.3514306676449008,,1.296771826852531,,1.547505502567865,
minife.x,-nx175-ny100-nz50,1,1.481797497155859,,1.3558968524838833,,1.3265073947667805,,1.5087220326128177,
minife.x,-nx175-ny125-nz125,1,1.5084684684684684,,1.3816216216216215,,1.3149549549549548,,1.5091891891891891,
minife.x,-nx175-ny125-nz50,1,1.4474657787643359,,1.3620051794302626,,1.2976322604513504,,1.4106548279689235,
minife.x,-nx175-ny150-nz150,1,1.5395238960566962,,1.4143194621115756,,1.3012902053425404,,1.6260221697256043,
minife.x,-nx175-ny150-nz50,1,1.4698924731182794,,1.3652329749103942,,1.2964157706093189,,1.4784946236559138,
minife.x,-nx175-ny175-nz175,1,1.556736311239193,,1.4079610951008643,,1.3130403458213256,,1.55421469740634,
minife.x,-nx175-ny175-nz50,1,1.5280672883525324,,1.4130554031815687,,1.3315048454927774,,1.6571585298957761,
minife.x,-nx175-ny50-nz50,1,1.451026392961877,,1.3882697947214075,,1.3393939393939396,,1.5264907135874881,
minife.x,-nx175-ny75-nz50,1,1.4022002610479209,,1.3212754055565914,,1.3030020510908074,,1.4816334141338803,
minife.x,-nx175-ny75-nz75,1,1.4385932609095931,,1.3584975142699318,,1.3108083225925242,,1.5015650893021542,
minife.x,-nx200-ny100-nz100,1,1.4954177897574126,,1.3663971248876909,,1.2977538185085353,,1.3410601976639711,
minife.x,-nx200-ny100-nz50,1,1.4175803753949081,,1.3504924735179333,,1.2932540419996281,,1.3222449358855231,
minife.x,-nx200-ny125-nz125,1,1.526650900491177,,1.399490631253411,,1.3148990358377297,,1.3816627251227942,
minife.x,-nx200-ny125-nz50,1,1.4767879548306149,,1.35293063272988,,1.2916293242516581,,1.3190535938340207,
minife.x,-nx200-ny150-nz150,1,1.5348587772613516,,1.3998927422238112,,1.3096174472649267,,1.5311047550947443,
minife.x,-nx200-ny150-nz50,1,1.4926908500270708,,1.3687060097455332,,1.2894784334957587,,1.4685074896228116,
minife.x,-nx200-ny175-nz175,1,1.5674553007043526,,1.4238757449882609,,1.307928481126964,,1.5432544699295649,
minife.x,-nx200-ny175-nz50,1,1.4810010960906101,,1.3805261234928754,,1.2917427840701496,,1.4788089148702959,
minife.x,-nx200-ny200-nz200,1,1.5674157303370786,,1.4116445352400409,,1.3033707865168538,,1.5386448757235274,
minife.x,-nx200-ny200-nz50,1,1.5007087172218283,,1.3532955350815026,,1.2942948263642806,,1.4053862508858965,
minife.x,-nx200-ny50-nz50,1,1.3901449275362321,,1.3412560386473431,,1.3435748792270532,,1.2517874396135267,
minife.x,-nx200-ny75-nz50,1,1.4734342012667137,,1.3694581280788176,,1.3004926108374384,,1.348698099929627,
minife.x,-nx200-ny75-nz75,1,1.4699172033118677,,1.3490340386384545,,1.3096596136154555,,1.3363385464581417,
minife.x,-nx50-ny50-nz50,1,1.1381111575428331,,1.3100710405348934,,1.2200167154199748,,1.3242791475135813,
minife.x,-nx50-ny50-nz50,32,0.98349834983498352,,,,,,,
minife.x,-nx75-ny50-nz50,1,1.1593681263747251,,1.3373325334933013,,1.2819436112777445,,1.3699260147970407,
minife.x,-nx75-ny50-nz50,32,0.93026750826570481,,,,,,,
minife.x,-nx75-ny75-nz50,1,1.2664486340900345,,1.3712966525586763,,1.3078106964217004,,1.3963062716429395,
minife.x,-nx75-ny75-nz75,1,1.4611783066718691,,1.3548575887631684,,1.3419820522824815,,1.3977760436987907,
minivite,-l-p1-n128,1,0.70509383378016088,,0.95576407506702421,,0.99530831099195705,,0.99597855227882048,
minivite,-l-p1-n16384,32,0.92069682787311502,0.76989079563182516,0.89027561102444097,,1.141705668226729,,0.70514820592823713,
minivite,-l-p1-n256,1,0.7176860500150648,0.50708044591744506,0.90117505272672493,,1.0066285025610124,,0.96354323591443203,
minivite,-l-p1-n32,1,,,,,0.99307616221562822,,1.0118694362017804,
minivite,-l-p1-n4096,32,0.99479437792816239,0.81832378969286834,0.91228526808953669,,1.1470588235294117,,0.71967725143154615,
minivite,-l-p1-n512,1,0.6904617253948967,0.51701093560145805,1.0042527339003646,,0.99878493317132444,,0.97843256379100851,
minivite,-l-p1-n64,1,0.69953839697859832,0.51489718841796051,0.94460763743180853,,0.98657154846831718,,0.98950902224087289,
minivite,-l-p1-n8192,32,0.9376838726932335,0.786039047873763,0.91735758224124098,,0.87082107515378437,,0.69911741107247927,
minivite,-l-p2-n128,1,0.71019283746556472,,0.9426997245179064,,0.99559228650137743,,0.99504132231404963,
minivite,-l-p2-n16384,32,0.905505558496559,0.78163049232398096,0.93250397035468491,,1.1569613552143991,,0.7226045526733722,
minivite,-l-p2-n256,1,0.71552298467688202,,0.96668887408394399,,0.99467021985343085,,1.0013324450366421,
minivite,-l-p2-n32,1,0.7142857142857143,,0.92372333548804131,,1.0019392372333549,,1.0025856496444732,
minivite,-l-p2-n4096,32,0.92928112215078906,0.79953243717124489,0.9088252483927528,,1.1414377556984219,,0.73027469316189364,
minivite,-l-p2-n512,1,0.71864725223109438,0.51573508689525593,0.9769844997651479,,1,,0.99436355096289331,
minivite,-l-p2-n64,1,0.7158908507223114,,0.91920813269127877,,1.0042803638309257,,1.0310326377742107,
minivite,-l-p2-n8192,32,0.92267184035476713,0.76247228381374721,0.88553215077605318,,1.1000554323725054,,0.68486696230598665,
minivite,-l-p3-n128,1,,,0.95575896262395121,,0.98932112890922974,,0.98779557589626243,
minivite,-l-p3-n16384,32,0.89017645509612864,0.79299446931788253,0.92889122991835671,,1.1564392941796156,,0.73479062417698193,
minivite,-l-p3-n256,1,0.70589856670341777,0.51212789415656002,0.90738699007717749,,0.98814773980154347,,0.9374310915104741,
minivite,-l-p3-n32,1,0.70584329349269581,,0.89309428950863212,,0.95883134130146075,,0.93492695883134125,
minivite,-l-p3-n4096,32,0.86640249080101894,0.80837814888197002,0.91933201245400498,,1.1534106991225586,,0.72233229549957534,
minivite,-l-p3-n512,1,0.68383340797133907,0.51634572324227501,0.92431706224809673,,0.98656515897895203,,0.99686520376175547,
minivite,-l-p3-n64,1,,,0.93939393939393934,,1.0081900081900081,,1.0147420147420148,
minivite,-l-p3-n8192,32,0.90356564019448959,0.8092922744462453,0.91193949216639669,,1.1480280929227444,,0.72393300918422487,
minivite,-l-p4-n128,1,0.70740157480314958,0.51748031496062996,0.91622047244094484,,0.98929133858267715,,0.95653543307086619,
minivite,-l-p4-n16384,32,0.89983669025585189,0.73326075122482304,0.93930321175830167,,1.1763745236799128,,0.6486118671747414,
minivite,-l-p4-n256,1,0.71381578947368418,0.51850328947368418,0.96011513157894746,,1.0004111842105263,,1.0135690789473684,
minivite,-l-p4-n32,1,0.70721925133689845,0.51693404634581108,0.9015151515151516,,0.99777183600713015,,0.99465240641711239,
minivite,-l-p4-n4096,32,0.85341365461847396,0.7756024096385542,0.87851405622489964,,1.0881024096385543,,0.67570281124498,
minivite,-l-p4-n512,1,0.70298939247830283,0.5173577627772421,0.91947926711668282,,0.99180327868852458,,0.99614271938283516,
minivite,-l-p4-n8192,32,0.90563419372744924,0.78601165695253961,0.94393560921454345,,1.1626422425756313,,0.76547321676380786,
minivite,-l-p5-n128,1,0.7085828343313374,,0.95276114437791082,,0.99866932801064556,,1.0212907518296741,
minivite,-l-p5-n16384,32,0.8831624392876416,0.79519697787371835,0.92741500269832711,,1.1427415002698327,,0.70183486238532111,
minivite,-l-p5-n256,1,0.71262037506335529,0.52052711606690316,0.91738469336036488,,0.99594526102382164,,1.0010136847440447,
minivite,-l-p5-n32,1,,,0.9050420168067228,,0.98991596638655466,,1.0058823529411764,
minivite,-l-p5-n4096,32,0.9937261320240045,0.82624113475177308,0.95581014729950897,,1.1808510638297873,,0.65220949263502459,
minivite,-l-p5-n512,1,0.70712996389891702,0.52120938628158853,0.9368231046931409,,0.9936823104693141,,0.90658844765342961,
minivite,-l-p5-n64,1,0.68274383708467312,0.51589853519113971,0.92675955698463752,,0.98999642729546278,,0.93783494105037524,
minivite,-l-p5-n8192,32,0.94090909090909092,0.71505681818181821,0.92812499999999998,,1.1576704545454546,,0.72357954545454539,
minivite,-l-p6-n128,1,0.70764227642276423,0.5144715447154472,0.96910569105691058,,0.99804878048780488,,0.91284552845528455,
minivite,-l-p6-n16384,32,0.89001062699256117,0.81482465462274167,0.92959617428267793,,1.1376195536663125,,0.69022316684378315,
minivite,-l-p6-n256,1,0.70890635232481991,0.51178781925343808,0.94368041912246237,,0.99017681728880158,,0.99115913555992152,
minivite,-l-p6-n32,1,0.70561941251596427,,0.91826309067688394,,0.98914431673052372,,0.96679438058748413,
minivite,-l-p6-n4096,32,0.98640832851359173,0.88692886061307108,1.0167727009832275,,1.2781954887218046,,0.79843840370156161,
minivite,-l-p6-n512,1,0.72315653298835703,0.52220784821043553,0.96938335489435101,,1.0086244070720138,,0.93876670978870203,
minivite,-l-p6-n64,1,,,0.92258652094717675,,0.99544626593806917,,0.97267759562841538,
minivite,-l-p6-n8192,32,0.91872121376320792,0.76320780276347877,0.885125982118667,,0.84150636683825519,,0.67190463289081548,
minivite,-l-p7-n128,1,0.71974522292993637,0.50517515923566891,0.96536624203821664,,1.0059713375796178,,1.0183121019108283,
minivite,-l-p7-n16384,32,0.96386509635974305,0.75347965738758027,0.9531584582441115,,1.1565845824411134,,0.69566381156316925,
minivite,-l-p7-n256,1,0.71359054570733405,0.51581508515815089,0.95828988529718451,,0.99200556134862694,,1.0041710114702815,
minivite,-l-p7-n32,1,,,,,,,,
minivite,-l-p7-n4096,32,0.88809182209469162,0.81635581061692963,0.9274031563845051,,1.1692969870875178,,0.73314203730272598,
minivite,-l-p7-n512,1,0.72397200349956259,0.51968503937007871,0.93438320209973758,,1.0061242344706913,,0.97112860892388453,
minivite,-l-p7-n64,1,0.71450288841593179,0.51565825478868954,0.96625114016418368,,0.99209486166007887,,1.0021283064761326,
minivite,-l-p7-n8192,32,1.008189776899181,0.80598700931940115,0.92233832250776615,,1.1632307257836767,,0.66563117763343682,
minivite,-l-p8-n128,1,0.71153846153846145,,0.92138009049773739,,1.0039592760180995,,0.94117647058823517,
minivite,-l-p8-n16384,32,1.0016025641025641,0.78739316239316237,0.93082264957264949,,1.1370192307692308,,0.69444444444444442,
minivite,-l-p8-n256,1,0.70863462356444062,0.50957039557635053,0.96086771586558906,,0.99106763079540627,,0.98426201616333475,
minivite,-l-p8-n32,1,0.70836212854181058,,0.93158258465791299,,1,,0.96544574982722875,
minivite,-l-p8-n4096,32,1.0148687124327744,0.83676051882315727,0.95760835178740911,,1.1936096172097439,,0.70673837393229988,
minivite,-l-p8-n512,1,0.70186980609418281,0.52770083102493082,0.96849030470914133,,1.0110803324099722,,1.0159279778393351,
minivite,-l-p8-n64,1,0.71248339973439578,,0.91633466135458164,,0.99867197875166003,,1.0033200531208499,
minivite,-l-p8-n8192,32,0.98002853067047091,0.85335235378031382,0.97888730385164058,,1.216262482168331,,0.62282453637660484,
minivite,-l-p9-n128,1,0.70820433436532515,0.51418988648090813,0.91124871001031993,,0.98477812177502577,,0.91847265221878216,
minivite,-l-p9-n16384,32,0.90187042558959063,0.78801843317972353,0.95066413662239091,,1.1688804554079697,,0.72133369476822984,
minivite,-l-p9-n256,1,0.70665571076417422,0.514379622021364,0.92823883867433576,,0.99013968775677896,,0.98877019994522053,
minivite,-l-p9-n32,1,0.71251475796930341,,0.9651711924439198,,0.99763872491145233,,1.0118063754427391,
minivite,-l-p9-n4096,32,0.94913741820345032,0.76799524092801896,0.92415229030339074,,1.1740035693039856,,0.73230220107079125,
minivite,-l-p9-n512,1,0.7259303012404017,0.51762157905099426,1.0212640283520378,,1.0009844457570387,,0.98582398109864144,
minivite,-l-p9-n64,1,0.71529888551165144,0.5170550489699427,0.97365754812563332,,0.99155690645052363,,1.0087808172914559,
minivite,-l-p9-n8192,32,0.88712011577424033,0.81215629522431265,0.91837916063675851,,1.1643994211287989,,0.70680173661360357,
minivite,-p1-n128,1,0.7138193688792166,,0.94885745375408059,,0.99075081610446147,,0.9912948857453755,
minivite,-p1-n16384,32,0.93279999999999996,0.72160000000000002,0.93599999999999994,,1.1498666666666668,,0.71066666666666667,
minivite,-p1-n256,1,0.71698113207547165,,0.97110849056603776,,1.0047169811320755,,1,
minivite,-p1-n32,1,,,,,,,,
minivite,-p1-n4096,32,0.90037005408482784,0.77910617705664675,0.89467691431824659,,1.1110162254483347,,0.52803871335041275,
minivite,-p1-n512,1,0.68130811157422244,0.51715293363257453,0.91599871753767237,,0.99294645719781971,,0.99551138185315802,
minivite,-p1-n64,1,,,0.96148148148148138,,0.99333333333333329,,0.99481481481481482,
minivite,-p1-n8192,32,0.92105946507400682,0.80550506361983898,0.85977668138145935,,1.137626590495975,,0.68917164372890161,
minivite,-p2-n128,1,0.70886075949367089,,0.95512082853855007,,0.99424626006904493,,1.0172612197928654,
minivite,-p2-n16384,32,0.86652542372881358,0.74655720338983045,0.88215042372881358,,1.0844809322033897,,0.57097457627118653,
minivite,-p2-n256,1,0.72512470464688894,0.51929640325544757,0.93751640850616946,,1.0070884746652664,,1.0225781044893674,
minivite,-p2-n32,1,,,,,,,,
minivite,-p2-n4096,32,0.89866211215485337,0.82009678337603198,0.91289496157130656,,1.1525761457443779,,0.72103615143751787,
minivite,-p2-n512,1,0.71078037007240547,0.51327433628318586,0.92115848753016905,,0.98833467417538223,,0.82019308125502821,
minivite,-p2-n64,1,,,,,,,,
minivite,-p2-n8192,32,0.92772547828727603,0.69571819010021263,0.89310658973580315,,1.1327057394473126,,0.59155784998481631,
minivite,-p3-n128,1,0.72192513368983957,,0.9347593582887701,,1.0021390374331551,,0.91176470588235303,
minivite,-p3-n16384,32,0.9000262398320652,0.79847808974022572,0.90028863815271587,,1.1346103384938337,,0.66281815796378907,
minivite,-p3-n256,1,0.69240724762726491,0.51811906816220876,0.91285591026747193,,0.98964624676445201,,1.0069025021570319,
minivite,-p3-n32,1,,,0.95255212077641993,,0.9942487419122934,,1.0043134435657799,
minivite,-p3-n4096,32,0.89100747230095334,0.82169543931976297,0.93481061582066483,,1.1623292965730483,,0.74284978098428245,
minivite,-p3-n512,1,0.71884529375889417,0.5220573287253506,1.0221589754015044,,1.0018296401707665,,1.0239886155722708,
minivite,-p3-n64,1,0.68157787718584784,0.51850345668971121,0.96014640097600645,,0.99227328182187879,,1.0081333875559171,
minivite,-p3-n8192,32,0.95470668485675303,0.77926330150068224,0.87612551159618013,,1.1072305593451568,,0.69849931787175989,
minivite,-p4-n128,1,0.70769230769230762,0.51068376068376065,0.91410256410256407,,0.99487179487179489,,0.93888888888888888,
minivite,-p4-n16384,32,0.89963021658742737,0.80295826730058106,0.91125198098256732,,1.1539883782356049,,0.71579503433703118,
minivite,-p4-n256,1,0.7095400340715502,0.52086882453151617,0.95783645655877336,,1.00809199318569,,1.0259795570698467,
minivite,-p4-n32,1,,,,,,,,
minivite,-p4-n4096,32,0.87172163074526099,0.78473123863931449,0.88470527135808885,,1.1168527655154505,,0.69722150090885493,
minivite,-p4-n512,1,0.71391076115485552,,0.91929133858267709,,0.99409448818897628,,0.97112860892388442,
minivite,-p4-n64,1,0.72047917855105525,,0.97490017113519667,,1.0125499144324015,,1.0062749572162006,
minivite,-p4-n8192,32,0.91244870041039683,0.79343365253077969,0.9009575923392612,,1.1471956224350206,,0.7184678522571819,
minivite,-p5-n128,1,0.71014492753623193,,0.95849802371541504,,0.99209486166007921,,0.9677206851119895,
minivite,-p5-n16384,32,0.92698246532321382,0.78670505103376076,0.90342842187908923,,1.1266684114106256,,0.70060193666579429,
minivite,-p5-n256,1,0.71224072451066311,0.51796669588080635,0.96581945661700264,,0.99532573765702603,,0.98539293017820628,
minivite,-p5-n32,1,0.70771183751190103,0.51380514122500787,0.9241510631545542,,0.98794033640114254,,0.99301808949539838,
minivite,-p5-n4096,32,0.83721532091097306,0.76708074534161486,0.87292960662525876,,1.0954968944099379,,0.67779503105590067,
minivite,-p5-n512,1,0.71692392502756341,0.51957001102535827,0.96389195148842333,,1,,0.92089305402425581,
minivite,-p5-n64,1,,,0.96200485044462403,,0.98949070331447042,,0.89248181083265965,
minivite,-p5-n8192,32,0.95783492822966509,0.8175837320574163,0.92942583732057427,,1.1683612440191389,,0.72577751196172258,
minivite,-p6-n128,1,0.7072200113700966,,0.91756679931779417,,0.99033541785105172,,0.99545196134167147,
minivite,-p6-n16384,32,0.9288451012588943,0.79146141215106736,0.91899288451012584,,1.1450465243568693,,0.72030651340996166,
minivite,-p6-n256,1,0.71476510067114096,0.50527325023969316,0.92281879194630867,,0.60306807286673059,,1.0019175455417066,
minivite,-p6-n32,1,,,,,,,,
minivite,-p6-n4096,32,0.96727676095396564,0.83056017748197453,0.91985579589572941,,1.0185801442041045,,0.73183582917359968,
minivite,-p6-n512,1,0.69612068965517249,0.51693349753694584,0.88054187192118227,,0.99538177339901479,,0.97598522167487689,
minivite,-p6-n64,1,,,,,,,,
minivite,-p6-n8192,32,0.91817186644772852,0.78790366721401206,0.90722495894909694,,1.1302681992337165,,0.70744389709906952,
minivite,-p7-n128,1,,,0.91908876669285156,,,,1.0109976433621368,
minivite,-p7-n16384,32,0.95897975282671577,0.82382329739679205,0.92505916381803832,,0.88246121483039697,,0.72863528793058108,
minivite,-p7-n256,1,0.69816138917262505,0.51787538304392233,0.90704800817160369,,0.99642492339121547,,0.97344228804902955,
minivite,-p7-n32,1,,,0.96903765690376575,,1.0025104602510462,,1.0100418410041843,
minivite,-p7-n4096,32,0.89944722295340873,0.76256909713082388,0.88549618320610679,,1.1023953672018951,,0.70071071334561719,
minivite,-p7-n512,1,0.72264808362369348,0.5205574912891987,0.96864111498257854,,1.0045296167247388,,1.0013937282229965,
minivite,-p7-n64,1,0.70271434726411031,0.51400258509263252,0.89659629470056013,,0.99052132701421802,,0.991813873330461,
minivite,-p7-n8192,32,0.96037991858887384,0.81248303934871102,0.91261872455902304,,1.1194029850746268,,0.64721845318860238,
minivite,-p8-n128,1,0.72093023255813959,0.51996489688459846,0.91443615620886354,,1.0035103115401491,,0.98946906537955248,
minivite,-p8-n16384,32,0.92081506319319062,0.79675006448284758,0.89605364972917201,,1.1214856848078412,,0.68919267474851686,
minivite,-p8-n256,1,0.64095600217273208,,0.97012493210211836,,1.0048886474741987,,0.98098859315589348,
minivite,-p8-n32,1,,,,,,,,
minivite,-p8-n4096,32,0.93358737071311926,0.80593358737071308,0.90963527490473595,,0.88949373979314095,,0.7248230811105062,
minivite,-p8-n512,1,0.68990463663268664,0.51627754028280171,0.96152581387701419,,0.99539625123314712,,0.98618875369944103,
minivite,-p8-n64,1,,,0.92753623188405787,,,,0.98405797101449266,
minivite,-p8-n8192,32,0.91720779220779236,0.78869047619047616,0.8836580086580087,,0.84983766233766234,,0.68912337662337664,
minivite,-p9-n128,1,0.89456609894566086,,1.2270884022708839,,1.2806163828061639,,1.2765612327656124,
minivite,-p9-n16384,32,0.95348197082301123,0.80924855491329473,0.91081750619322877,,1.1439581612992018,,0.71786402422240558,
minivite,-p9-n256,1,0.82822085889570551,,1.1083844580777096,,1.1635991820040898,,1.1213360599863669,
minivite,-p9-n32,1,0.70848310567936734,0.50503235082674336,0.95291157440690155,,0.99784327821711005,,1.0021567217828899,
minivite,-p9-n4096,32,0.97093679458239279,0.8005079006772009,0.91732505643340856,,1.1455981941309257,,0.64531602708803615,
minivite,-p9-n512,1,0.7170616113744076,0.52393364928909947,0.92867298578199065,,1.0101895734597157,,0.81492890995260658,
minivite,-p9-n64,1,0.71697373578988632,0.51587612700901608,0.92473539788318304,,1.0031360250882009,,1.0031360250882009,
minivite,-p9-n8192,32,0.91234711706464777,0.7813046010483401,0.84536983110075714,,1.1132789749563192,,0.67181129877693657,
minivite,-w-l-p1-n128,1,0.71154898741105643,,0.9436234263820471,,0.99945265462506849,,0.79419813902572522,
minivite,-w-l-p1-n16384,32,0.93878080415045395,0.80363164721141378,0.91932555123216597,,1.1330739299610895,,0.71828793774319055,
minivite,-w-l-p1-n256,1,0.71601049868766398,,0.93175853018372701,,1.0031496062992125,,0.99370078740157475,
minivite,-w-l-p1-n32,1,0.71082299887260425,,0.9002254791431793,,0.99323562570462232,,1.0169109357384443,
minivite,-w-l-p1-n4096,32,0.92605233219567684,0.78498293515358364,0.88964732650739475,,1.1234357224118316,,0.70307167235494872,
minivite,-w-l-p1-n512,1,0.72050000000000003,0.52100000000000002,0.95750000000000002,,1.0015000000000001,,0.95499999999999996,
minivite,-w-l-p1-n64,1,,,,,1.00199203187251,,,
minivite,-w-l-p1-n8192,32,0.92371743217835067,0.68412570507655113,0.88181573999462792,,0.95272629599785119,,0.72575879666935261,
minivite,-w-l-p2-n128,1,0.70812666921022505,0.50324303700877526,0.92789011827546741,,1.0045784051888591,,0.9946585272796642,
minivite,-w-l-p2-n16384,32,0.92691292875989451,0.78047493403693935,0.88416886543535622,,1.0580474934036941,,0.69472295514511873,
minivite,-w-l-p2-n256,1,0.71269251194901762,,0.94052044609665431,,0.98672331386086032,,0.9352097716409985,
minivite,-w-l-p2-n32,1,0.70749999999999991,,0.88849999999999996,,0.99750000000000005,,0.94149999999999989,
minivite,-w-l-p2-n4096,32,0.89785872507999021,0.78414964312084667,0.8761998523258675,,0.85552547378784161,,0.70342111740093527,
minivite,-w-l-p2-n512,1,0.7893864013266999,,1.1033720287451629,,1.0945273631840797,,1.0619126589275842,
minivite,-w-l-p2-n64,1,0.71211199026171645,,0.95861229458307973,,1.0054777845404748,,1.0146074254412658,
minivite,-w-l-p2-n8192,32,0.94393741851368962,0.81382007822685787,0.9139504563233376,,1.1514993481095175,,0.72307692307692306,
minivite,-w-l-p3-n128,1,0.71861777150916784,,0.9830747531734837,,1.0141043723554302,,1.0267983074753173,
minivite,-w-l-p3-n16384,32,1.0158770161290323,0.80922379032258063,0.90952620967741937,,1.161038306451613,,0.73311491935483875,
minivite,-w-l-p3-n256,1,0.72481252037821986,0.50994457124225634,0.92892076948157809,,1.0078252363873492,,1.0104336485164658,
minivite,-w-l-p3-n32,1,0.68409703504043129,,0.90997304582210248,,0.99299191374663076,,0.97681940700808623,
minivite,-w-l-p3-n4096,32,0.90997888067581834,0.80992608236536434,0.89519535374867998,,0.82497360084477289,,0.70327349524815208,
minivite,-w-l-p3-n512,1,0.71590413943355113,0.51503267973856204,0.91023965141612195,,0.98910675381263613,,0.98213507625272323,
minivite,-w-l-p3-n64,1,0.71142369991474852,0.51534526854219942,0.92071611253196928,,0.99872122762148341,,0.99701619778346118,
minivite,-w-l-p3-n8192,32,0.93118164843958395,0.79167778074153106,0.89117097892771402,,1.111496399039744,,0.70552147239263807,
minivite,-w-l-p4-n128,1,,,0.9137017411052234,,0.99470098410295227,,0.98713096139288414,
minivite,-w-l-p4-n16384,32,0.8876195536663124,0.79117959617428268,0.88947927736450583,,1.1145058448459084,,0.68730074388947926,
minivite,-w-l-p4-n256,1,0.70980483271375461,0.51649628252788105,0.96445167286245359,,1.0009293680297398,,0.99233271375464682,
minivite,-w-l-p4-n32,1,,,0.89238020424194819,,0.99528672427337006,,1.0007855459544384,
minivite,-w-l-p4-n4096,32,0.9116932217121253,0.78017823386443419,0.85930326762084785,,1.1177423710504995,,0.68620037807183365,
minivite,-w-l-p4-n512,1,0.71084337349397586,0.51759036144578319,0.91373493975903619,,0.95662650602409649,,0.9874698795180723,
minivite,-w-l-p4-n64,1,0.71187480822338134,0.51119975452592814,0.89137772322798392,,0.99294262043571635,,0.99570420374347957,
minivite,-w-l-p4-n8192,32,0.87574606619641882,0.73819858925664683,0.88062940857297889,,1.1161150298426479,,0.57542051003798156,
minivite,-w-l-p5-n128,1,0.71028606208155809,,0.93487522824102243,,0.99756542909312229,,0.99452221545952524,
minivite,-w-l-p5-n16384,32,0.87767969735182838,0.77200504413619164,0.90189155107187879,,1.1109709962168979,,0.64438839848675911,
minivite,-w-l-p5-n256,1,0.72236394557823125,0.52083333333333337,0.92006802721088443,,1.0038265306122449,,0.97704081632653061,
minivite,-w-l-p5-n32,1,0.71157070989379534,,0.94354387926215766,,1.0055897149245387,,0.98658468418110667,
minivite,-w-l-p5-n4096,32,0.93999999999999995,0.78194444444444444,0.91777777777777791,,1.1724999999999999,,0.70194444444444437,
minivite,-w-l-p5-n512,1,0.72210160660008682,0.52366478506296132,0.91880156317846295,,1.0117238384715588,,0.97394702561875812,
minivite,-w-l-p5-n64,1,,,0.93953136810279658,,0.98715041572184425,,0.9886621315192744,
minivite,-w-l-p5-n8192,32,0.90587902769926509,0.7970604861503674,0.88468061051441493,,0.98021481062747318,,0.69219898247597511,
minivite,-w-l-p6-n128,1,0.71446436015006254,0.51688203418090872,0.92830345977490625,,1.0070862859524803,,0.99624843684868691,
minivite,-w-l-p6-n16384,32,0.8884873515745999,0.76381001548786776,0.87842023748064013,,1.1006711409395973,,0.58105317501290654,
minivite,-w-l-p6-n256,1,0.68227593152064459,0.51762336354481375,0.95216515609264851,,1.001007049345418,,0.97633434038267874,
minivite,-w-l-p6-n32,1,0.68532338308457719,,0.93221393034825872,,0.99626865671641796,,0.98320895522388052,
minivite,-w-l-p6-n4096,32,0.78412443014212918,0.80048270313757031,0.88361491016358273,,1.1225529632609279,,0.6886564762670957,
minivite,-w-l-p6-n512,1,0.72564338235294124,0.52297794117647056,0.96369485294117652,,1.0004595588235294,,1.0183823529411764,
minivite,-w-l-p6-n64,1,,,0.93905191873589167,,1.0015048908954101,,1.0173062452972159,
minivite,-w-l-p6-n8192,32,0.83460992907801423,0.8119148936170214,0.91971631205673765,,1.1687943262411347,,0.71007092198581567,
minivite,-w-l-p7-n128,1,0.71261329305135956,0.517749244712991,0.92409365558912393,,0.99358006042296076,,0.99773413897280971,
minivite,-w-l-p7-n16384,32,0.82559815508792156,0.82213894494090523,0.90688959354280774,,0.80801383684058803,,0.68607667915825887,
minivite,-w-l-p7-n256,1,0.70868113522537568,0.51168614357262099,0.96911519198664431,,0.99540901502504164,,0.97954924874791316,
minivite,-w-l-p7-n32,1,0.68259860788863114,0.50765661252900229,0.96473317865429231,,1.0018561484918793,,0.99303944315545245,
minivite,-w-l-p7-n4096,32,0.79150789330430049,0.77272727272727271,0.86853565596080562,,1.092270005443658,,0.600707675557975,
minivite,-w-l-p7-n512,1,0.71520874751491059,0.5183896620278331,0.92395626242544737,,0.99950298210735589,,0.97813121272365811,
minivite,-w-l-p7-n64,1,0.71059782608695654,,1.0203804347826086,,1.0033967391304348,,1.0088315217391304,
minivite,-w-l-p7-n8192,32,0.91427813163481941,0.71257961783439494,0.88826963906581735,,0.97452229299363058,,0.71019108280254772,
minivite,-w-l-p8-n128,1,0.71799544419134387,0.51799544419134391,0.91025056947608207,,0.99863325740318909,,1.0045558086560364,
minivite,-w-l-p8-n16384,32,0.90774042220484752,0.78029710711493361,0.9173833724263748,,1.1420380505603336,,0.69976544175136834,
minivite,-w-l-p8-n256,1,0.72829716193656091,0.52170283806343909,0.93196994991652748,,1.015025041736227,,1.0129382303839733,
minivite,-w-l-p8-n32,1,,,0.92659053833605221,,1.0024469820554649,,1.0220228384991843,
minivite,-w-l-p8-n4096,32,0.91724520966398226,0.80033324076645385,0.90474868092196614,,1.1282976950846988,,0.62926964732018886,
minivite,-w-l-p8-n512,1,0.68459105286940802,0.52101220063262543,0.96113872571170356,,0.99276999548124722,,0.99548124717577946,
minivite,-w-l-p8-n64,1,0.70921579851173444,0.51001717229536347,0.90955924441900415,,0.99856897538637668,,0.97939324556382379,
minivite,-w-l-p8-n8192,32,0.92190775681341719,0.69654088050314467,0.86740041928721179,,1.0157232704402517,,0.589622641509434,
minivite,-w-l-p9-n128,1,0.70845830833833234,,0.9184163167366528,,0.99400119976004797,,0.98140371925614878,
minivite,-w-l-p9-n16384,32,0.95194843246410787,0.82801054790506889,0.9077058306475243,,1.1602695575739819,,0.72956343392909462,
minivite,-w-l-p9-n256,1,0.71071953010278999,0.50367107195301031,0.8928046989720998,,0.98874204601076854,,0.90993636808614786,
minivite,-w-l-p9-n32,1,,,,,,,,
minivite,-w-l-p9-n4096,32,0.90225214766658923,0.77594613420013925,0.86765730206640346,,1.0947295100998373,,0.59879266310657076,
minivite,-w-l-p9-n512,1,0.72467902995720401,,0.92296718972895864,,1.0092724679029956,,0.98074179743223977,
minivite,-w-l-p9-n8192,32,0.84345922276956753,0.74001094690749858,0.89983579638752043,,1.0673234811165846,,0.66146688560481659,
minivite,-w-p1-n128,1,0.70817307692307685,0.5115384615384615,0.93942307692307692,,0.99278846153846156,,1.0100961538461539,
minivite,-w-p1-n16384,32,0.87143286272153819,0.75848603184139385,0.94412736557524801,,1.0474617002102735,,0.72874737158305802,
minivite,-w-p1-n256,1,0.70155038759689925,0.51021846370683588,0.9210711768851304,,0.9873150105708246,,1.0084566596194504,
minivite,-w-p1-n32,1,0.71010387157695942,0.51652502360717656,0.90226628895184136,,1.0051935788479698,,0.99197355996222858,
minivite,-w-p1-n4096,32,0.88342625443487077,0.78357830714647736,0.87607704004054743,,1.1107450582868728,,0.67536746071971621,
minivite,-w-p1-n512,1,0.70722057368941638,0.51483679525222559,0.96142433234421365,,0.99505440158259151,,0.99505440158259151,
minivite,-w-p1-n64,1,0.70756880733944949,,0.9558486238532109,,0.99197247706422009,,0.98566513761467889,
minivite,-w-p1-n8192,32,0.90723019670388094,0.80409356725146197,0.90643274853801181,,1.13290802764487,,0.56698564593301437,
minivite,-w-p2-n128,1,0.74177215189873413,0.54582278481012658,1.0045569620253163,,1.0496202531645569,,1.0425316455696203,
minivite,-w-p2-n16384,32,0.89811827956989254,0.76693548387096777,0.88924731182795691,,1.1099462365591397,,0.59193548387096773,
minivite,-w-p2-n256,1,0.7155963302752294,0.51788990825688075,0.96238532110091735,,1.0027522935779816,,0.99082568807339444,
minivite,-w-p2-n32,1,,,,,,,,
minivite,-w-p2-n4096,32,0.88749359302921582,0.76960533059969249,0.8818554587391082,,1.1073808303434136,,0.68990261404407993,
minivite,-w-p2-n512,1,0.71201657458563528,0.50932320441988943,0.90296961325966851,,0.99102209944751363,,0.98860497237569056,
minivite,-w-p2-n64,1,,,,,,,,
minivite,-w-p2-n8192,32,0.89699014011416711,0.79579657498702638,0.88609237156201348,,1.1276595744680851,,0.69252724442138036,
minivite,-w-p3-n128,1,,,,,,,,
minivite,-w-p3-n16384,32,0.94093047569262933,0.81939362258233139,0.93936225823314168,,1.1738107684265551,,0.72843700993204397,
minivite,-w-p3-n256,1,0.70876048462255359,0.51537744641192917,0.90820130475302874,,0.99580615097856473,,0.98835041938490209,
minivite,-w-p3-n32,1,,,0.91993720565149129,,0.99764521193092603,,0.99843014128728413,
minivite,-w-p3-n4096,32,0.92441860465116266,0.72065337763012172,0.89258028792912514,,1.126799557032115,,0.71511627906976738,
minivite,-w-p3-n512,1,0.69649657273419652,0.52132520944402128,0.96001523229246,,0.99352627570449359,,0.97562833206397559,
minivite,-w-p3-n64,1,,,,,,,0.99701789264413521,
minivite,-w-p3-n8192,32,0.79728272590036653,0.7498382574940694,0.88850549924520161,,1.1233556178563726,,0.70196247573862414,
minivite,-w-p4-n128,1,0.66465792272243884,0.51152073732718895,0.91031549096065212,,0.99326479971641257,,0.96136121942573549,
minivite,-w-p4-n16384,32,0.91515308770108972,0.81914893617021267,0.90892579138557339,,1.1572392319667877,,0.72055007784120395,
minivite,-w-p4-n256,1,0.6779268857010643,0.51920407218880149,0.93243868579361422,,1.006941230911615,,0.97778806108283201,
minivite,-w-p4-n32,1,,,,,,,,
minivite,-w-p4-n4096,32,0.90000000000000002,0.81005434782608687,0.91467391304347834,,1.1529891304347826,,0.64021739130434785,
minivite,-w-p4-n512,1,0.676182360460162,0.51576480613549214,0.90477204942479772,,0.99254367277375377,,0.97166595654026422,
minivite,-w-p4-n64,1,,,0.90679304897314383,,0.99131121642969988,,0.96287519747235395,
minivite,-w-p4-n8192,32,0.90974106041923541,0.78791615289765715,0.88803945745992585,,1.1205918618988902,,0.70776818742293457,
minivite,-w-p5-n128,1,0.70785484611851168,0.51906293063849329,0.96325218190169959,,1.0027560863573726,,0.99586587046394115,
minivite,-w-p5-n16384,32,0.87195452084461289,0.82674607471575523,0.95885219274499189,,1.1846237141310232,,0.72144017325392529,
minivite,-w-p5-n256,1,0.71341463414634143,,0.92005420054200537,,0.99864498644986444,,0.98915989159891582,
minivite,-w-p5-n32,1,0.70264505119453935,0.51877133105802054,0.90401023890784982,,0.99786689419795227,,0.99232081911262804,
minivite,-w-p5-n4096,32,0.91537132987910197,0.78986758779504895,0.90961427748992518,,1.1525618883131836,,0.69199769717904436,
minivite,-w-p5-n512,1,0.71469602680708466,0.5189085686931546,0.91048348492101483,,0.99808520823360458,,0.78027764480612738,
minivite,-w-p5-n64,1,,,,,,,,
minivite,-w-p5-n8192,32,0.97483588621444206,0.80333698030634582,0.92013129102844637,,1.1676695842450766,,0.70678336980306355,
minivite,-w-p6-n128,1,,,0.95155185465556402,,1,,0.99167297501892515,
minivite,-w-p6-n16384,32,0.96543659043659047,0.73076923076923084,0.91709979209979209,,1.1572245322245323,,0.70945945945945954,
minivite,-w-p6-n256,1,0.71052631578947356,0.51632245169886737,0.91838774150566282,,0.99933377748167873,,0.98500999333777484,
minivite,-w-p6-n32,1,,,,,,,,
minivite,-w-p6-n4096,32,0.88583509513742065,0.77721987315010566,0.88134249471458781,,1.1083509513742071,,0.68208245243128962,
minivite,-w-p6-n512,1,0.68885672937771347,0.51278340569223346,0.91751085383502173,,0.99855282199710549,,1.005306319343946,
minivite,-w-p6-n64,1,,,,,,,,
minivite,-w-p6-n8192,32,0.9428113308391235,0.80037413148049175,0.88348476750400862,,1.1328166755745592,,0.69107429182255486,
minivite,-w-p7-n128,1,0.6965156794425087,0.51149825783972136,0.95435540069686409,,0.9951219512195123,,0.95749128919860627,
minivite,-w-p7-n16384,32,0.91998943754951146,0.81726960654871939,0.90784261948772116,,1.1447055716926327,,0.71983100079218387,
minivite,-w-p7-n256,1,0.7072334590332533,0.51354130956462107,0.90401097017483711,,0.98697291738087067,,0.83339046966061026,
minivite,-w-p7-n32,1,,,,,1.0009671179883946,,0.98259187620889743,
minivite,-w-p7-n4096,32,0.82799145299145294,0.80902777777777779,0.92334401709401703,,1.1589209401709402,,0.69177350427350426,
minivite,-w-p7-n512,1,0.72431077694235591,0.52005012531328321,0.96115288220551376,,1.009607351712615,,0.98997493734335829,
minivite,-w-p7-n64,1,,,,,,,,
minivite,-w-p7-n8192,32,0.82796732340221046,0.7741470446900528,0.88707352234502634,,1.106679481018741,,0.66890917827967311,
minivite,-w-p8-n128,1,0.71419228253760625,,0.90320470896010463,,1.0098103335513406,,1.0124264224983648,
minivite,-w-p8-n16384,32,0.88897555902236081,0.78887155486219451,0.88377535101404048,,1.108944357774311,,0.68772750910036407,
minivite,-w-p8-n256,1,0.70835702103467879,0.5156338828880046,0.91273450824332003,,0.99829448550312683,,0.95793064241046055,
minivite,-w-p8-n32,1,,,,,,,,
minivite,-w-p8-n4096,32,0.93517202160932622,0.82940005686664775,0.89707136764287743,,1.1669036110321296,,0.73955075348308219,
minivite,-w-p8-n512,1,0.69930227323880256,0.51204141345937437,0.92077425163178039,,0.99594868332207975,,0.98154400180058521,
minivite,-w-p8-n64,1,0.7108350586611456,,0.92408557625948928,,1.0082815734989647,,0.98757763975155277,
minivite,-w-p8-n8192,32,0.90755355129650506,0.75450958286358505,0.92756482525366402,,1.1569898534385568,,0.59075535512965049,
minivite,-w-p9-n128,1,0.71559633027522929,,0.92529488859764075,,0.99934469200524234,,0.84207077326343371,
minivite,-w-p9-n16384,32,0.88778523489932881,0.79436241610738256,0.87516778523489935,,1.112751677852349,,0.69476510067114083,
minivite,-w-p9-n256,1,0.71512634129456565,0.51817237798546212,0.95534787123572185,,1.000692281066113,,0.99930771893388726,
minivite,-w-p9-n32,1,,,,,,,,
minivite,-w-p9-n4096,32,0.89364640883977908,0.79171270718232056,0.88563535911602209,,1.1383977900552487,,0.69613259668508287,
minivite,-w-p9-n512,1,0.71175059952038378,0.51270983213429255,0.93477218225419667,,0.98752997601918469,,0.97314148681055157,
minivite,-w-p9-n64,1,,,,,,,,
minivite,-w-p9-n8192,32,0.93661971830985913,0.81866197183098599,0.92400234741784049,,1.165492957746479,,0.71361502347417838,
testdfft,10120,1,1.177566308969427,1.322028750759263,1.241546871836404,,1.5789633529054465,,1.5918202065195384,
testdfft,10120,32,1.0010979358805445,0.83179622310057089,0.97211242863416769,,0.96815985946420724,,0.73891084760649983,
testdfft,10128,1,1.0886912101462041,0.49524396688391759,1.1292055663202396,,1.3571428571428572,,1.1173154835300334,
testdfft,10128,32,1.0231504781077001,0.85581278309008568,1.0088072471061902,,1.0475591343734274,,0.73276295923502777,
testdfft,10160,1,1.0936322532027127,1.3259231348907308,1.1246232102486811,,1.5386209495101733,,1.258195177091183,
testdfft,10160,32,1.0108490566037736,0.98050314465408805,1.0408805031446542,,1.2146226415094339,,0.88710691823899379,
testdfft,10200,1,1.2006560449859418,1.5430178069353329,1.1955951265229616,,1.7462043111527648,,1.6498594189315838,
testdfft,10200,32,1.0177593966670722,1.0164213599318817,1.0864858289745771,,1.3038559785914123,,1.0436686534484856,
testdfft,10240,1,,1.3495307999628354,1.1297036142339496,,1.5411130725634117,,1.211929759360773,
testdfft,10240,32,1.0013386880856761,1.0908248378127896,1.1061682627947689,,1.2254144784265266,,1.1881371640407785,
testdfft,10256,1,1.2317406464989162,0.43313542550183776,1.2580341155404768,,1.8475167279238527,,0.99387428140608802,
testdfft,10256,32,0.95481375941380009,1.0782617545288011,1.0674740484429064,,1.1987583960920007,,1.2111744351719926,
testdfft,1032,1,0.81594827586206886,0.43448275862068964,1.0422413793103447,,0.97327586206896544,,1.1073275862068965,
testdfft,1032,32,,,,,,,,
testdfft,1064,1,1.0064438179621427,0.51429722110350384,1.1796214256947242,,1.0609477782252652,,1.2897033158813263,
testdfft,1064,32,1.0553250345781466,0.87897648686030416,1.0006915629322268,,1.1791147994467497,,0.76417704011065002,
testdfft,12128,1,1.0237161198288161,0.45140870185449361,1.099589871611983,,1.3690263908701856,,1.0476105563480742,
testdfft,12128,32,1.0836598294537911,0.86771145425213181,1.0350311131597143,,1.0668356764231388,,0.72551279096566035,
testdfft,12256,1,1.2438748586505843,0.45721824349792695,1.2626272144741804,,1.8986053524312103,,1.1811157180550322,
testdfft,12256,32,0.92704714640198516,1.1101736972704714,1.0770223325062034,,1.2169727047146401,,1.2083374689826303,
testdfft,1232,1,0.95319961795606489,0.49856733524355301,1.2063037249283668,,1.138968481375358,,1.3127984718242596,
testdfft,1232,32,,,,,,,,
testdfft,1264,1,1.019769557307459,0.61443298969072169,1.1879927228623408,,1.0776228016979987,,1.0594299575500303,
testdfft,1264,32,0.99941792782304995,0.82072176949941777,0.91618160651920844,,1.0500582072176949,,0.71303841676367863,
testdfft,14128,1,1.1015945330296129,1.0987699316628703,1.1469703872437358,,1.4487471526195901,,1.2920273348519362,
testdfft,14128,32,1.1190526989545551,0.87454661830595259,1.0439513548111798,,1.0565393641988479,,0.73415831021975675,
testdfft,14256,1,1.2458571294822582,0.49162063477202506,1.2614923696283118,,1.8717348562868645,,1.2240426926317758,
testdfft,14256,32,0.96791234592056341,1.1387204069653687,1.0957738211700256,,1.2128741929172373,,1.3857366464488359,
testdfft,1432,1,0.83313515655965109,0.5537059056678556,1.1145461751882679,,0.98057867617915173,,1.1212841854934601,
testdfft,1432,32,,,,,,,,
testdfft,1464,1,1.0722846904732484,0.60645001853453606,1.2119115284814037,,1.0952675151365376,,1.3653774867169157,
testdfft,1464,32,0.96547945205479457,0.82082191780821911,0.890958904109589,,1.0246575342465754,,0.69315068493150689,
testdfft,15120,1,1.1103551123124242,1.309162084071209,1.1653462578059466,,1.552614409544226,,1.6262466213067388,
testdfft,15120,32,1.0091918805055535,0.80390654921486027,0.9718498659517425,,0.95021064726158555,,0.71160474913826122,
testdfft,15160,1,1.051414832624376,1.3672091732938783,1.1031995561309416,,1.5418901424079898,,1.1945626040318107,
testdfft,15160,32,1.0403918411164788,1.0084541062801933,1.0622651637144391,,1.2765700483091789,,0.9154589371980677,
testdfft,15200,1,1.1990658570761328,1.5756188696870621,1.1849602989257355,,1.7517982251284445,,1.4950957496496964,
testdfft,15200,32,1.0219612959338986,1.0316373124592302,1.08675799086758,,1.3804087845183737,,1.1045879539030226,
testdfft,15240,1,1.1324422843256379,1.4275165903355453,1.1243106832414245,,1.5760351434713522,,1.0060753341433779,
testdfft,15240,32,1.0047084752554598,1.148467241033861,1.1650971749148469,,1.2339210579042277,,1.3294930875576036,
testdfft,16128,1,1.0805992096314676,0.45335906626229205,1.1342707471739728,,1.4528995496737431,,1.1434610789449497,
testdfft,16128,32,1.0678160919540229,0.83812260536398464,1.0304597701149425,,1.0333333333333332,,0.68946360153256703,
testdfft,16256,1,1.2294904228406216,0.43250813155041562,1.2495482471991326,,1.8742320202385252,,1.3699855439103723,
testdfft,16256,32,0.93955732122587976,1.1394248959515703,1.090049186530458,,1.1884222474460842,,1.2695800227014757,
testdfft,1632,1,0.83682135274491953,0.46011525629360028,1.0521686381558992,,0.99272065514103724,,1.1119199272065514,
testdfft,1632,32,0.94271099744245512,0.79616368286445016,0.87237851662404098,,1.0685421994884909,,0.69130434782608685,
testdfft,1664,1,1.0548668503213958,0.48106060606060602,1.2037419651056014,,1.1103076216712582,,1.4034664830119374,
testdfft,1664,32,0.95855758880516695,0.80678148546824546,0.91872981700753498,,1.0322927879440258,,0.73250807319698608,
testdfft,18128,1,1.1254036598493002,0.45416218155722998,1.1269285970577683,,1.4771259418729816,,1.0096878363832076,
testdfft,18128,32,1.1357622243528285,0.87631831255992343,1.0870565675934802,,1.0669223394055609,,0.7472674976030681,
testdfft,18256,1,1.2234484059611392,0.48594604791548762,1.2618373891718544,,1.8762497641954348,,1.2284474627428787,
testdfft,18256,32,0.95866841219375354,1.1457826818776886,1.0945389938283152,,1.2748270057976436,,1.314101365251543,
testdfft,1832,1,0.83279220779220786,0.45422077922077919,1.0678571428571431,,1.0003246753246753,,1.1672077922077921,
testdfft,1832,32,0.9676840215439857,,,,1.0430879712746859,,,
testdfft,1864,1,1.0823064959923436,0.48295250628065561,1.210192606771145,,1.1354228974757747,,1.4014834310324202,
testdfft,1864,32,0.96711509715994026,0.81664175386148474,0.8918784255107125,,0.85999003487792736,,0.68709516691579475,
testdfft,20120,1,1.2021982374492524,1.3893454797504703,1.2098227547281908,,1.6503614219229628,,1.4841073373601346,
testdfft,20120,32,1.0582441840719987,0.85328578706062141,0.99184921039225671,,0.95941586007811164,,0.70979792834097466,
testdfft,20128,1,1.0651199578170314,1.0862993233148783,1.1013270058880396,,1.4513577643026629,,1.1934264873890501,
testdfft,20128,32,1.1764381547509648,0.89285057893769526,1.086564969674692,,1.0790295901488696,,0.72578570115787533,
testdfft,20160,1,1.1022315468243371,1.3365439633797445,1.1062368872782757,,1.5629410642761778,,1.2276368491321763,
testdfft,20160,32,1.0493857798734334,1.0031021218513463,1.0681225958555653,,1.3396203002853952,,0.943541382305497,
testdfft,20200,1,1.1665890245038666,1.5394577471350044,1.1653778067641851,,1.7315755147675396,,1.5620982018075098,
testdfft,20200,32,1.0258656224237428,1.0737840065952184,1.1285037098103874,,1.4132316570486396,,1.1274732069249793,
testdfft,20240,1,1.1148103496244086,1.4102754335528145,1.1143466567745526,,1.5743299638319577,,1.2345358434572937,
testdfft,20240,32,1.0109184943970886,1.1540082367589313,1.1598505890240398,,1.2912556268556652,,1.3365578009769179,
testdfft,20256,1,1.2169955930254837,0.48352174746119947,1.241904579421345,,1.8553362713163442,,1.4001724468288943,
testdfft,20256,32,0.9627260083449235,1.1318497913769123,1.0959666203059804,,1.2820584144645342,,1.3276773296244784,
testdfft,2032,1,0.8561622464898595,0.46396255850234008,1.0764430577223087,,1.009984399375975,,0.98533541341653674,
testdfft,2032,32,0.94754944110060191,,,,1.049871023215821,,,
testdfft,2064,1,1.0786691888283075,0.4643373762100812,1.2107488594636697,,1.0861244019138756,,1.4377434071436519,
testdfft,2064,32,1.0093856655290103,0.81399317406143346,0.90187713310580209,,1.0456484641638226,,0.66723549488054612,
xsbench,-mevent-slarge-ghash,1,,,,,,,,
xsbench,-mevent-slarge-gnuclide,1,,,,,,,,
xsbench,-mevent-slarge-gunionized,1,1.5308187672493099,0.98988040478380857,1.5170193192272308,7.5400183992640288,1.2161913523459063,10.011039558417663,,10.997240110395584
xsbench,-mevent-ssmall-ghash,1,,,,,,,,
xsbench,-mevent-ssmall-gnuclide,1,,,,,,,,
xsbench,-mevent-ssmall-gunionized,1,,,,,,,,
xsbench,-mevent-sxl-ghash,1,1.4101508916323731,0.80589849108367617,1.3943758573388203,6.8456790123456779,1.2565157750342935,7.0651577503429346,0.84362139917695467,8.3655692729766802
xsbench,-mevent-sxl-gnuclide,1,,,,,,,,
xsbench,-mevent-sxl-gunionized,1,1.6409638554216865,0.95963855421686739,1.6367469879518071,,1.2909638554216867,,1.1626506024096386,2.0078313253012046
xsbench,-mevent-sxxl-ghash,1,1.3407960199004976,0.80431177446102819,1.3320895522388059,4.6737147595356552,1.1218905472636815,4.4382255389718077,0.73424543946932008,4.9846600331674953
xsbench,-mevent-sxxl-gnuclide,1,,,,,,,,
xsbench,-mevent-sxxl-gunionized,1,,1,1.6546517291768144,,1.290793960058451,,1.1631758402338042,
xsbench,-mhistory-slarge-ghash,1,,,,,,,,
xsbench,-mhistory-slarge-gnuclide,1,,,,,,,,
xsbench,-mhistory-slarge-gunionized,1,1.5576036866359448,0.99354838709677429,1.5391705069124424,,1.2313364055299538,,,
xsbench,-mhistory-ssmall-ghash,1,,,,,,,,
xsbench,-mhistory-ssmall-gnuclide,1,,,,,,,,
xsbench,-mhistory-ssmall-gunionized,1,,,,,,,,
xsbench,-mhistory-sxl-ghash,1,1.4127630685675494,0.80312287847929409,1.3998642226748135,,1.2729124236252547,,0.84792939579090298,
xsbench,-mhistory-sxl-gnuclide,1,,,,,,,,
xsbench,-mhistory-sxl-gunionized,1,1.6451997614788312,0.96064400715563514,1.6410256410256412,,1.283840190816935,,1.1759093619558736,
xsbench,-mhistory-sxxl-ghash,1,1.3600661430343117,0.81231914014055395,1.3592393551054154,,1.1508887970235633,,0.7544439851178173,
xsbench,-mhistory-sxxl-gnuclide,1,,,,,,,,
xsbench,-mhistory-sxxl-gunionized,1,,1,1.6691505216095381,,1.3050173869846,,1.174863387978142,
minivite,-l-p4-n64,1,0.70791216451725347,0.51481352387591495,0.90972464273265952,,0.98954339491111887,,0.99860578598814909,
minivite,-w-l-p9-n64,1,0.70882458020721684,0.51625580564487317,0.96677384780278675,,1.0053590568060022,,1.0046445158985353,
